{
	"credit": "Made with Blockbench",
	"texture_size": [128, 128],
	"textures": {
		"0": "item/textureamoigus",
		"particle": "item/textureamoigus"
	},
	"elements": [
		{
			"from": [14, -16, 4],
			"to": [18, -15, 11],
			"faces": {
				"north": {"uv": [1.75, 9.375, 2.25, 9.5], "texture": "#0"},
				"east": {"uv": [11.5, 2.125, 12.375, 2.25], "texture": "#0"},
				"south": {"uv": [1.75, 9.5, 2.25, 9.625], "texture": "#0"},
				"west": {"uv": [11.5, 5.5, 12.375, 5.625], "texture": "#0"},
				"up": {"uv": [7.25, 12, 6.75, 11.125], "texture": "#0"},
				"down": {"uv": [7.75, 11.125, 7.25, 12], "texture": "#0"}
			}
		},
		{
			"from": [13, -15, 3],
			"to": [19, -8, 12],
			"faces": {
				"north": {"uv": [10.875, 3.125, 11.625, 4], "texture": "#0"},
				"east": {"uv": [10.125, 7.125, 11.25, 8], "texture": "#0"},
				"south": {"uv": [10.875, 4, 11.625, 4.875], "texture": "#0"},
				"west": {"uv": [10.125, 8, 11.25, 8.875], "texture": "#0"},
				"up": {"uv": [6.75, 11.25, 6, 10.125], "texture": "#0"},
				"down": {"uv": [11.5, 0, 10.75, 1.125], "texture": "#0"}
			}
		},
		{
			"from": [14, -15, 2],
			"to": [18, -5, 3],
			"faces": {
				"north": {"uv": [6.75, 8, 7.25, 9.25], "texture": "#0"},
				"east": {"uv": [6.625, 11.25, 6.75, 12.5], "texture": "#0"},
				"south": {"uv": [4.375, 10.75, 4.875, 12], "texture": "#0"},
				"west": {"uv": [8.125, 11.25, 8.25, 12.5], "texture": "#0"},
				"up": {"uv": [2.25, 9.75, 1.75, 9.625], "texture": "#0"},
				"down": {"uv": [2.25, 9.75, 1.75, 9.875], "texture": "#0"}
			}
		},
		{
			"from": [12, -7, 2],
			"to": [14, -5, 3],
			"faces": {
				"north": {"uv": [7.25, 2.75, 7.5, 3], "texture": "#0"},
				"east": {"uv": [7.125, 9.25, 7.25, 9.5], "texture": "#0"},
				"south": {"uv": [6.875, 9.25, 7.125, 9.5], "texture": "#0"},
				"west": {"uv": [7.125, 9.5, 7.25, 9.75], "texture": "#0"},
				"up": {"uv": [4.75, 10.5, 4.5, 10.375], "texture": "#0"},
				"down": {"uv": [10.625, 8.875, 10.375, 9], "texture": "#0"}
			}
		},
		{
			"from": [2, -7, 2],
			"to": [4, -5, 3],
			"faces": {
				"north": {"uv": [6.875, 9.5, 7.125, 9.75], "texture": "#0"},
				"east": {"uv": [7.125, 9.75, 7.25, 10], "texture": "#0"},
				"south": {"uv": [6.875, 9.75, 7.125, 10], "texture": "#0"},
				"west": {"uv": [4.75, 10.125, 4.875, 10.375], "texture": "#0"},
				"up": {"uv": [10.625, 9.125, 10.375, 9], "texture": "#0"},
				"down": {"uv": [4.75, 10.5, 4.5, 10.625], "texture": "#0"}
			}
		},
		{
			"from": [2, -7, 12],
			"to": [4, -5, 13],
			"faces": {
				"north": {"uv": [1.75, 9.875, 2, 10.125], "texture": "#0"},
				"east": {"uv": [4.75, 10.375, 4.875, 10.625], "texture": "#0"},
				"south": {"uv": [2, 9.875, 2.25, 10.125], "texture": "#0"},
				"west": {"uv": [3.125, 11.625, 3.25, 11.875], "texture": "#0"},
				"up": {"uv": [4.75, 10.75, 4.5, 10.625], "texture": "#0"},
				"down": {"uv": [10.875, 9.75, 10.625, 9.875], "texture": "#0"}
			}
		},
		{
			"from": [12, -7, 12],
			"to": [14, -5, 13],
			"faces": {
				"north": {"uv": [4.5, 10.125, 4.75, 10.375], "texture": "#0"},
				"east": {"uv": [11.625, 3.125, 11.75, 3.375], "texture": "#0"},
				"south": {"uv": [10.125, 8.875, 10.375, 9.125], "texture": "#0"},
				"west": {"uv": [3.25, 11.625, 3.375, 11.875], "texture": "#0"},
				"up": {"uv": [3.625, 11.75, 3.375, 11.625], "texture": "#0"},
				"down": {"uv": [11.875, 3.375, 11.625, 3.5], "texture": "#0"}
			}
		},
		{
			"from": [-2, -5, 2],
			"to": [18, 18, 3],
			"faces": {
				"north": {"uv": [0, 3.125, 2.5, 6], "texture": "#0"},
				"east": {"uv": [6, 11.25, 6.125, 14.125], "texture": "#0"},
				"south": {"uv": [2.5, 3.125, 5, 6], "texture": "#0"},
				"west": {"uv": [6.125, 11.25, 6.25, 14.125], "texture": "#0"},
				"up": {"uv": [12.875, 7, 10.375, 6.875], "texture": "#0"},
				"down": {"uv": [12.875, 7, 10.375, 7.125], "texture": "#0"}
			}
		},
		{
			"from": [-1, 6, 1],
			"to": [17, 16, 2],
			"faces": {
				"north": {"uv": [0, 8.125, 2.25, 9.375], "texture": "#0"},
				"east": {"uv": [4.875, 6, 5, 7.25], "texture": "#0"},
				"south": {"uv": [8.125, 5.875, 10.375, 7.125], "texture": "#0"},
				"west": {"uv": [6.5, 11.25, 6.625, 12.5], "texture": "#0"},
				"up": {"uv": [13.125, 5.25, 10.875, 5.125], "texture": "#0"},
				"down": {"uv": [13.125, 5.25, 10.875, 5.375], "texture": "#0"}
			}
		},
		{
			"from": [0, 7, 0],
			"to": [16, 15, 1],
			"faces": {
				"north": {"uv": [8.125, 7.125, 10.125, 8.125], "texture": "#0"},
				"east": {"uv": [10.875, 11.5, 11, 12.5], "texture": "#0"},
				"south": {"uv": [8.125, 8.125, 10.125, 9.125], "texture": "#0"},
				"west": {"uv": [11, 11.5, 11.125, 12.5], "texture": "#0"},
				"up": {"uv": [7.5, 3.125, 5.5, 3], "texture": "#0"},
				"down": {"uv": [12.875, 5.375, 10.875, 5.5], "texture": "#0"}
			}
		},
		{
			"from": [1, 8, -1],
			"to": [15, 14, 0],
			"faces": {
				"north": {"uv": [8.875, 9.125, 10.625, 9.875], "texture": "#0"},
				"east": {"uv": [4.875, 7.25, 5, 8], "texture": "#0"},
				"south": {"uv": [0, 9.375, 1.75, 10.125], "texture": "#0"},
				"west": {"uv": [6.75, 9.25, 6.875, 10], "texture": "#0"},
				"up": {"uv": [10.375, 5.875, 8.625, 5.75], "texture": "#0"},
				"down": {"uv": [13.25, 0.25, 11.5, 0.375], "texture": "#0"}
			}
		},
		{
			"from": [-2, -15, 2],
			"to": [2, -5, 3],
			"faces": {
				"north": {"uv": [8.875, 11, 9.375, 12.25], "texture": "#0"},
				"east": {"uv": [8.25, 11.25, 8.375, 12.5], "texture": "#0"},
				"south": {"uv": [9.375, 11, 9.875, 12.25], "texture": "#0"},
				"west": {"uv": [8.375, 11.25, 8.5, 12.5], "texture": "#0"},
				"up": {"uv": [12, 6, 11.5, 5.875], "texture": "#0"},
				"down": {"uv": [12, 6, 11.5, 6.125], "texture": "#0"}
			}
		},
		{
			"from": [-2, -15, 12],
			"to": [2, -5, 13],
			"faces": {
				"north": {"uv": [9.875, 11, 10.375, 12.25], "texture": "#0"},
				"east": {"uv": [8.5, 11.25, 8.625, 12.5], "texture": "#0"},
				"south": {"uv": [10.375, 11, 10.875, 12.25], "texture": "#0"},
				"west": {"uv": [8.625, 11.25, 8.75, 12.5], "texture": "#0"},
				"up": {"uv": [12, 6.25, 11.5, 6.125], "texture": "#0"},
				"down": {"uv": [12, 6.25, 11.5, 6.375], "texture": "#0"}
			}
		},
		{
			"from": [-2, -5, 12],
			"to": [18, 17, 13],
			"faces": {
				"north": {"uv": [5, 3.125, 7.5, 5.875], "texture": "#0"},
				"east": {"uv": [6.25, 11.25, 6.375, 14], "texture": "#0"},
				"south": {"uv": [5.5, 0, 8, 2.75], "texture": "#0"},
				"west": {"uv": [6.375, 11.25, 6.5, 14], "texture": "#0"},
				"up": {"uv": [13.375, 5, 10.875, 4.875], "texture": "#0"},
				"down": {"uv": [13.375, 5, 10.875, 5.125], "texture": "#0"}
			}
		},
		{
			"from": [-1, -4, 13],
			"to": [17, 13, 19],
			"faces": {
				"north": {"uv": [5, 5.875, 7.25, 8], "texture": "#0"},
				"east": {"uv": [6, 8, 6.75, 10.125], "texture": "#0"},
				"south": {"uv": [0, 6, 2.25, 8.125], "texture": "#0"},
				"west": {"uv": [8.125, 9.125, 8.875, 11.25], "texture": "#0"},
				"up": {"uv": [10.875, 4.75, 8.625, 4], "texture": "#0"},
				"down": {"uv": [10.875, 4.75, 8.625, 5.5], "texture": "#0"}
			}
		},
		{
			"from": [14, -15, 12],
			"to": [18, -5, 13],
			"faces": {
				"north": {"uv": [4.875, 11.125, 5.375, 12.375], "texture": "#0"},
				"east": {"uv": [8.75, 11.25, 8.875, 12.5], "texture": "#0"},
				"south": {"uv": [5.375, 11.125, 5.875, 12.375], "texture": "#0"},
				"west": {"uv": [11.5, 0.875, 11.625, 2.125], "texture": "#0"},
				"up": {"uv": [12.125, 1.875, 11.625, 1.75], "texture": "#0"},
				"down": {"uv": [12.125, 1.875, 11.625, 2], "texture": "#0"}
			}
		},
		{
			"from": [19, -15, 4],
			"to": [20, 18, 11],
			"faces": {
				"north": {"uv": [7.75, 10, 7.875, 14.125], "texture": "#0"},
				"east": {"uv": [2.25, 6, 3.125, 10.125], "texture": "#0"},
				"south": {"uv": [7.875, 10, 8, 14.125], "texture": "#0"},
				"west": {"uv": [3.125, 6, 4, 10.125], "texture": "#0"},
				"up": {"uv": [11.25, 12.375, 11.125, 11.5], "texture": "#0"},
				"down": {"uv": [11.375, 11.5, 11.25, 12.375], "texture": "#0"}
			}
		},
		{
			"from": [12, -15, 4],
			"to": [13, -8, 11],
			"faces": {
				"north": {"uv": [11.375, 11.5, 11.5, 12.375], "texture": "#0"},
				"east": {"uv": [1.75, 10.75, 2.625, 11.625], "texture": "#0"},
				"south": {"uv": [11.5, 11.5, 11.625, 12.375], "texture": "#0"},
				"west": {"uv": [2.625, 10.75, 3.5, 11.625], "texture": "#0"},
				"up": {"uv": [11.75, 1.75, 11.625, 0.875], "texture": "#0"},
				"down": {"uv": [1.875, 11.625, 1.75, 12.5], "texture": "#0"}
			}
		},
		{
			"from": [3, -15, 4],
			"to": [4, -8, 11],
			"faces": {
				"north": {"uv": [1.875, 11.625, 2, 12.5], "texture": "#0"},
				"east": {"uv": [3.5, 10.75, 4.375, 11.625], "texture": "#0"},
				"south": {"uv": [2, 11.625, 2.125, 12.5], "texture": "#0"},
				"west": {"uv": [10.875, 2.25, 11.75, 3.125], "texture": "#0"},
				"up": {"uv": [2.25, 12.5, 2.125, 11.625], "texture": "#0"},
				"down": {"uv": [2.375, 11.625, 2.25, 12.5], "texture": "#0"}
			}
		},
		{
			"from": [-4, -15, 4],
			"to": [-3, 18, 11],
			"faces": {
				"north": {"uv": [8, 10, 8.125, 14.125], "texture": "#0"},
				"east": {"uv": [4, 6, 4.875, 10.125], "texture": "#0"},
				"south": {"uv": [5.875, 11.125, 6, 15.25], "texture": "#0"},
				"west": {"uv": [7.25, 5.875, 8.125, 10], "texture": "#0"},
				"up": {"uv": [2.5, 12.5, 2.375, 11.625], "texture": "#0"},
				"down": {"uv": [2.625, 11.625, 2.5, 12.5], "texture": "#0"}
			}
		},
		{
			"from": [-3, -15, 3],
			"to": [3, -8, 12],
			"faces": {
				"north": {"uv": [10.875, 9.75, 11.625, 10.625], "texture": "#0"},
				"east": {"uv": [10.375, 5.5, 11.5, 6.375], "texture": "#0"},
				"south": {"uv": [10.875, 10.625, 11.625, 11.5], "texture": "#0"},
				"west": {"uv": [10.625, 8.875, 11.75, 9.75], "texture": "#0"},
				"up": {"uv": [1.75, 11.875, 1, 10.75], "texture": "#0"},
				"down": {"uv": [11.5, 1.125, 10.75, 2.25], "texture": "#0"}
			}
		},
		{
			"from": [-3, -8, 3],
			"to": [5, -6, 12],
			"faces": {
				"north": {"uv": [11.25, 8.125, 12.25, 8.375], "texture": "#0"},
				"east": {"uv": [11.25, 7.125, 12.375, 7.375], "texture": "#0"},
				"south": {"uv": [11.25, 8.375, 12.25, 8.625], "texture": "#0"},
				"west": {"uv": [11.25, 7.375, 12.375, 7.625], "texture": "#0"},
				"up": {"uv": [9.875, 11, 8.875, 9.875], "texture": "#0"},
				"down": {"uv": [10.875, 9.875, 9.875, 11], "texture": "#0"}
			}
		},
		{
			"from": [11, -8, 3],
			"to": [19, -6, 12],
			"faces": {
				"north": {"uv": [11.25, 8.625, 12.25, 8.875], "texture": "#0"},
				"east": {"uv": [11.25, 7.625, 12.375, 7.875], "texture": "#0"},
				"south": {"uv": [11.5, 0, 12.5, 0.25], "texture": "#0"},
				"west": {"uv": [11.25, 7.875, 12.375, 8.125], "texture": "#0"},
				"up": {"uv": [7.75, 11.125, 6.75, 10], "texture": "#0"},
				"down": {"uv": [1, 10.125, 0, 11.25], "texture": "#0"}
			}
		},
		{
			"from": [-3, -6, 3],
			"to": [19, 19, 12],
			"faces": {
				"north": {"uv": [0, 0, 2.75, 3.125], "texture": "#0"},
				"east": {"uv": [7.5, 2.75, 8.625, 5.875], "texture": "#0"},
				"south": {"uv": [2.75, 0, 5.5, 3.125], "texture": "#0"},
				"west": {"uv": [4.875, 8, 6, 11.125], "texture": "#0"},
				"up": {"uv": [10.75, 1.125, 8, 0], "texture": "#0"},
				"down": {"uv": [10.75, 1.125, 8, 2.25], "texture": "#0"}
			}
		},
		{
			"from": [-1, 19, 4],
			"to": [17, 21, 11],
			"faces": {
				"north": {"uv": [10.375, 6.375, 12.625, 6.625], "texture": "#0"},
				"east": {"uv": [11.5, 0.375, 12.375, 0.625], "texture": "#0"},
				"south": {"uv": [10.375, 6.625, 12.625, 6.875], "texture": "#0"},
				"west": {"uv": [11.5, 0.625, 12.375, 0.875], "texture": "#0"},
				"up": {"uv": [10.875, 3.125, 8.625, 2.25], "texture": "#0"},
				"down": {"uv": [10.875, 3.125, 8.625, 4], "texture": "#0"}
			}
		},
		{
			"from": [1, 21, 5],
			"to": [15, 23, 10],
			"faces": {
				"north": {"uv": [5.5, 2.75, 7.25, 3], "texture": "#0"},
				"east": {"uv": [8, 2.25, 8.625, 2.5], "texture": "#0"},
				"south": {"uv": [8.625, 5.5, 10.375, 5.75], "texture": "#0"},
				"west": {"uv": [8, 2.5, 8.625, 2.75], "texture": "#0"},
				"up": {"uv": [2.75, 10.75, 1, 10.125], "texture": "#0"},
				"down": {"uv": [4.5, 10.125, 2.75, 10.75], "texture": "#0"}
			}
		},
		{
			"from": [-2, -16, 4],
			"to": [2, -15, 11],
			"faces": {
				"north": {"uv": [11.625, 2, 12.125, 2.125], "texture": "#0"},
				"east": {"uv": [11.5, 5.625, 12.375, 5.75], "texture": "#0"},
				"south": {"uv": [2.625, 11.625, 3.125, 11.75], "texture": "#0"},
				"west": {"uv": [11.5, 5.75, 12.375, 5.875], "texture": "#0"},
				"up": {"uv": [0.5, 12.125, 0, 11.25], "texture": "#0"},
				"down": {"uv": [1, 11.25, 0.5, 12.125], "texture": "#0"}
			}
		}
	],
	"display": {
		"thirdperson_righthand": {
			"scale": [0, 0, 0]
		},
		"thirdperson_lefthand": {
			"scale": [0, 0, 0]
		},
		"firstperson_righthand": {
			"scale": [0, 1, 1]
		},
		"firstperson_lefthand": {
			"scale": [0, 1, 1]
		},
		"ground": {
			"translation": [0, 19, 0]
		},
		"gui": {
			"rotation": [0, -180, 0],
			"translation": [0, 6.25, 0],
			"scale": [2.24, 1.38, 1]
		},
		"head": {
			"translation": [0, 3, 0],
			"scale": [2, 2, 2]
		},
		"fixed": {
			"translation": [0, 10, -44],
			"scale": [4, 4, 4]
		}
	},
	"groups": [
		{
			"name": "group",
			"origin": [0, 0, 0],
			"color": 0,
			"children": [0, 1, 2, 3, 4, 5, 6, 7, 8, 9, 10, 11, 12, 13, 14, 15, 16, 17, 18, 19, 20, 21, 22, 23, 24, 25, 26]
		}
	]
}