{
	"credit": "Made with Blockbench",
	"texture_size": [64, 64],
	"textures": {
		"0": "item/bee_gun3D",
		"particle": "item/bee_gun3D"
	},
	"elements": [
		{
			"from": [7, -7, 8],
			"to": [9, -6, 10],
			"faces": {
				"north": {"uv": [9.5, 5.5, 10, 5.75], "texture": "#0"},
				"east": {"uv": [9.5, 5.75, 10, 6], "texture": "#0"},
				"south": {"uv": [8, 9.5, 8.5, 9.75], "texture": "#0"},
				"west": {"uv": [9.25, 9.5, 9.75, 9.75], "texture": "#0"},
				"up": {"uv": [9.75, 8.75, 9.25, 8.25], "texture": "#0"},
				"down": {"uv": [9.75, 8.75, 9.25, 9.25], "texture": "#0"}
			}
		},
		{
			"from": [7, -5, 8],
			"to": [9, -4, 11],
			"faces": {
				"north": {"uv": [9.75, 0.25, 10.25, 0.5], "texture": "#0"},
				"east": {"uv": [2.25, 9.5, 3, 9.75], "texture": "#0"},
				"south": {"uv": [9.75, 0.5, 10.25, 0.75], "texture": "#0"},
				"west": {"uv": [9.5, 2.25, 10.25, 2.5], "texture": "#0"},
				"up": {"uv": [9.25, 8.25, 8.75, 7.5], "texture": "#0"},
				"down": {"uv": [9.25, 8.25, 8.75, 9], "texture": "#0"}
			}
		},
		{
			"from": [7, -4, 10],
			"to": [9, -3, 13],
			"faces": {
				"north": {"uv": [9.75, 0.75, 10.25, 1], "texture": "#0"},
				"east": {"uv": [9.5, 3, 10.25, 3.25], "texture": "#0"},
				"south": {"uv": [9.75, 1, 10.25, 1.25], "texture": "#0"},
				"west": {"uv": [9.5, 3.25, 10.25, 3.5], "texture": "#0"},
				"up": {"uv": [9.5, 0.75, 9, 0], "texture": "#0"},
				"down": {"uv": [9.5, 0.75, 9, 1.5], "texture": "#0"}
			}
		},
		{
			"from": [7, -3, 11],
			"to": [9, -2, 14],
			"faces": {
				"north": {"uv": [2.25, 9.75, 2.75, 10], "texture": "#0"},
				"east": {"uv": [9.5, 3.5, 10.25, 3.75], "texture": "#0"},
				"south": {"uv": [9.75, 4, 10.25, 4.25], "texture": "#0"},
				"west": {"uv": [9.5, 3.75, 10.25, 4], "texture": "#0"},
				"up": {"uv": [9.5, 3.75, 9, 3], "texture": "#0"},
				"down": {"uv": [9.5, 3.75, 9, 4.5], "texture": "#0"}
			}
		},
		{
			"from": [7, -2, 12],
			"to": [9, 4, 15],
			"faces": {
				"north": {"uv": [8.5, 3, 9, 4.5], "texture": "#0"},
				"east": {"uv": [8, 8, 8.75, 9.5], "texture": "#0"},
				"south": {"uv": [8.5, 4.5, 9, 6], "texture": "#0"},
				"west": {"uv": [0, 8.5, 0.75, 10], "texture": "#0"},
				"up": {"uv": [9.5, 5.25, 9, 4.5], "texture": "#0"},
				"down": {"uv": [9.5, 5.25, 9, 6], "texture": "#0"}
			}
		},
		{
			"from": [7, 3, -3],
			"to": [9, 4, 12],
			"faces": {
				"north": {"uv": [9.75, 4.25, 10.25, 4.5], "texture": "#0"},
				"east": {"uv": [8.5, 2.5, 12.25, 2.75], "texture": "#0"},
				"south": {"uv": [9.75, 4.5, 10.25, 4.75], "texture": "#0"},
				"west": {"uv": [8.5, 2.75, 12.25, 3], "texture": "#0"},
				"up": {"uv": [7.5, 11.75, 7, 8], "texture": "#0"},
				"down": {"uv": [8, 8, 7.5, 11.75], "texture": "#0"}
			}
		},
		{
			"from": [7, 12, -3],
			"to": [9, 13, 6],
			"faces": {
				"north": {"uv": [9.75, 4.75, 10.25, 5], "texture": "#0"},
				"east": {"uv": [8.5, 7, 10.75, 7.25], "texture": "#0"},
				"south": {"uv": [9.75, 5, 10.25, 5.25], "texture": "#0"},
				"west": {"uv": [8.5, 7.25, 10.75, 7.5], "texture": "#0"},
				"up": {"uv": [1.25, 10.75, 0.75, 8.5], "texture": "#0"},
				"down": {"uv": [1.75, 8.5, 1.25, 10.75], "texture": "#0"}
			}
		},
		{
			"from": [6, 4, -5],
			"to": [10, 5, 16],
			"faces": {
				"north": {"uv": [5.5, 2.75, 6.5, 3], "texture": "#0"},
				"east": {"uv": [7.5, 6, 12.75, 6.25], "texture": "#0"},
				"south": {"uv": [6.5, 2.75, 7.5, 3], "texture": "#0"},
				"west": {"uv": [7.5, 6.25, 12.75, 6.5], "texture": "#0"},
				"up": {"uv": [4, 11.75, 3, 6.5], "texture": "#0"},
				"down": {"uv": [5, 6.5, 4, 11.75], "texture": "#0"}
			}
		},
		{
			"from": [6, 11, -5],
			"to": [10, 12, 6],
			"faces": {
				"north": {"uv": [9.25, 9.25, 10.25, 9.5], "texture": "#0"},
				"east": {"uv": [8.5, 6.5, 11.25, 6.75], "texture": "#0"},
				"south": {"uv": [9.5, 0, 10.5, 0.25], "texture": "#0"},
				"west": {"uv": [8.5, 6.75, 11.25, 7], "texture": "#0"},
				"up": {"uv": [6.5, 2.75, 5.5, 0], "texture": "#0"},
				"down": {"uv": [7.5, 0, 6.5, 2.75], "texture": "#0"}
			}
		},
		{
			"from": [6.5, 25, 6.5],
			"to": [9.5, 25.5, 14.5],
			"faces": {
				"north": {"uv": [9.25, 9.25, 10.25, 9.5], "texture": "#0"},
				"east": {"uv": [8.5, 6.5, 11.25, 6.75], "texture": "#0"},
				"south": {"uv": [9.5, 0, 10.5, 0.25], "texture": "#0"},
				"west": {"uv": [8.5, 6.75, 11.25, 7], "texture": "#0"},
				"up": {"uv": [6.5, 2.75, 5.5, 0], "texture": "#0"},
				"down": {"uv": [7.5, 0, 6.5, 2.75], "texture": "#0"}
			}
		},
		{
			"from": [5, 5, -6],
			"to": [11, 11, 16],
			"faces": {
				"north": {"uv": [7, 6.5, 8.5, 8], "texture": "#0"},
				"east": {"uv": [0, 0, 5.5, 1.5], "texture": "#0"},
				"south": {"uv": [7.5, 0, 9, 1.5], "texture": "#0"},
				"west": {"uv": [0, 1.5, 5.5, 3], "texture": "#0"},
				"up": {"uv": [1.5, 8.5, 0, 3], "texture": "#0"},
				"down": {"uv": [3, 3, 1.5, 8.5], "texture": "#0"}
			}
		},
		{
			"from": [6, 6, -7],
			"to": [10, 10, -6],
			"faces": {
				"north": {"uv": [8.5, 1.5, 9.5, 2.5], "texture": "#0"},
				"east": {"uv": [2.75, 8.5, 3, 9.5], "texture": "#0"},
				"south": {"uv": [1.75, 8.5, 2.75, 9.5], "texture": "#0"},
				"west": {"uv": [9.5, 0.25, 9.75, 1.25], "texture": "#0"},
				"up": {"uv": [10.5, 1.5, 9.5, 1.25], "texture": "#0"},
				"down": {"uv": [10.5, 1.5, 9.5, 1.75], "texture": "#0"}
			}
		},
		{
			"from": [6, 11, 6],
			"to": [10, 25, 15],
			"faces": {
				"north": {"uv": [5, 6.5, 6, 10], "texture": "#0"},
				"east": {"uv": [3, 3, 5.25, 6.5], "texture": "#0"},
				"south": {"uv": [6, 6.5, 7, 10], "texture": "#0"},
				"west": {"uv": [5.25, 3, 7.5, 6.5], "texture": "#0"},
				"up": {"uv": [8.5, 3.75, 7.5, 1.5], "texture": "#0"},
				"down": {"uv": [8.5, 3.75, 7.5, 6], "texture": "#0"}
			}
		},
		{
			"from": [7, -7, 7],
			"to": [9, -4, 8],
			"faces": {
				"north": {"uv": [8.75, 9, 9.25, 9.75], "texture": "#0"},
				"east": {"uv": [9.5, 4, 9.75, 4.75], "texture": "#0"},
				"south": {"uv": [9.25, 7.5, 9.75, 8.25], "texture": "#0"},
				"west": {"uv": [9.5, 4.75, 9.75, 5.5], "texture": "#0"},
				"up": {"uv": [10.25, 5.5, 9.75, 5.25], "texture": "#0"},
				"down": {"uv": [10.25, 7.5, 9.75, 7.75], "texture": "#0"}
			}
		},
		{
			"from": [7, -6, 9],
			"to": [9, -5, 11],
			"faces": {
				"north": {"uv": [9.75, 7.75, 10.25, 8], "texture": "#0"},
				"east": {"uv": [8, 9.75, 8.5, 10], "texture": "#0"},
				"south": {"uv": [9.75, 8, 10.25, 8.25], "texture": "#0"},
				"west": {"uv": [9.75, 8.25, 10.25, 8.5], "texture": "#0"},
				"up": {"uv": [2.25, 10, 1.75, 9.5], "texture": "#0"},
				"down": {"uv": [10, 1.75, 9.5, 2.25], "texture": "#0"}
			}
		}
	],
	"display": {
		"thirdperson_righthand": {
			"rotation": [68, 0, 0],
			"translation": [1, 3.5, 13.75]
		},
		"ground": {
			"translation": [0, 9, 0]
		},
		"gui": {
			"rotation": [0, -90, 0]
		},
		"fixed": {
			"rotation": [-90, 90, 0],
			"translation": [3, 0, -23.75],
			"scale": [1.6, 1.6, 1.6]
		}
	},
	"groups": [
		{
			"name": "group",
			"origin": [0, 0, 0],
			"color": 0,
			"children": [0, 1, 2, 3, 4, 5, 6, 7, 8, 9, 10, 11, 12, 13, 14]
		}
	]
}