{
	"credit": "Made with Blockbench",
	"texture_size": [64, 64],
	"textures": {
		"0": "item/dragonStaff"
	},
	"elements": [
		{
			"from": [7, -15, 7],
			"to": [9, 20, 9],
			"faces": {
				"north": {"uv": [0, 0, 0.5, 8.75], "texture": "#0"},
				"east": {"uv": [0.5, 0, 1, 8.75], "texture": "#0"},
				"south": {"uv": [1, 0, 1.5, 8.75], "texture": "#0"},
				"west": {"uv": [1.5, 0, 2, 8.75], "texture": "#0"},
				"up": {"uv": [7.25, 4.5, 6.75, 4], "texture": "#0"},
				"down": {"uv": [7.25, 4.5, 6.75, 5], "texture": "#0"}
			}
		},
		{
			"from": [4, 20, 4],
			"to": [12, 20, 12],
			"rotation": {"angle": 0, "axis": "z", "origin": [8, 20, 8]},
			"faces": {
				"north": {"uv": [0, 0, 2, 0], "texture": "#0"},
				"east": {"uv": [0, 0, 2, 0], "texture": "#0"},
				"south": {"uv": [0, 0, 2, 0], "texture": "#0"},
				"west": {"uv": [0, 0, 2, 0], "texture": "#0"},
				"up": {"uv": [4, 2, 2, 0], "texture": "#0"},
				"down": {"uv": [4, 2, 2, 4], "texture": "#0"}
			}
		},
		{
			"from": [8.05, 30.825, 4],
			"to": [10.05, 30.825, 6],
			"rotation": {"angle": -22.5, "axis": "z", "origin": [13, 21.5, 7]},
			"faces": {
				"north": {"uv": [0, 0, 0.5, 0], "texture": "#0"},
				"east": {"uv": [0, 0, 0.5, 0], "texture": "#0"},
				"south": {"uv": [0, 0, 0.5, 0], "texture": "#0"},
				"west": {"uv": [0, 0, 0.5, 0], "texture": "#0"},
				"up": {"uv": [5.25, 7.25, 4.75, 6.75], "texture": "#0"},
				"down": {"uv": [7.25, 5, 6.75, 5.5], "texture": "#0"}
			}
		},
		{
			"from": [8.05, 30.825, 10],
			"to": [10.05, 30.825, 12],
			"rotation": {"angle": -22.5, "axis": "z", "origin": [13, 21.5, 7]},
			"faces": {
				"north": {"uv": [0, 0, 0.5, 0], "texture": "#0"},
				"east": {"uv": [0, 0, 0.5, 0], "texture": "#0"},
				"south": {"uv": [0, 0, 0.5, 0], "texture": "#0"},
				"west": {"uv": [0, 0, 0.5, 0], "texture": "#0"},
				"up": {"uv": [5.75, 7.25, 5.25, 6.75], "texture": "#0"},
				"down": {"uv": [6.25, 6.75, 5.75, 7.25], "texture": "#0"}
			}
		},
		{
			"from": [8.05, 30.825, 7],
			"to": [10.05, 30.825, 9],
			"rotation": {"angle": -22.5, "axis": "z", "origin": [13, 21.5, 7]},
			"faces": {
				"north": {"uv": [0, 0, 0.5, 0], "texture": "#0"},
				"east": {"uv": [0, 0, 0.5, 0], "texture": "#0"},
				"south": {"uv": [0, 0, 0.5, 0], "texture": "#0"},
				"west": {"uv": [0, 0, 0.5, 0], "texture": "#0"},
				"up": {"uv": [7.5, 2.5, 7, 2], "texture": "#0"},
				"down": {"uv": [7.5, 2.5, 7, 3], "texture": "#0"}
			}
		},
		{
			"from": [4, 30.825, 5.95],
			"to": [6, 30.825, 7.95],
			"rotation": {"angle": -22.5, "axis": "x", "origin": [8, 21.5, 3]},
			"faces": {
				"north": {"uv": [0, 0, 0.5, 0], "texture": "#0"},
				"east": {"uv": [0, 0, 0.5, 0], "texture": "#0"},
				"south": {"uv": [0, 0, 0.5, 0], "texture": "#0"},
				"west": {"uv": [0, 0, 0.5, 0], "texture": "#0"},
				"up": {"uv": [7.5, 3.5, 7, 3], "texture": "#0"},
				"down": {"uv": [7.5, 3.5, 7, 4], "texture": "#0"}
			}
		},
		{
			"from": [7, 30.825, 5.95],
			"to": [9, 30.825, 7.95],
			"rotation": {"angle": -22.5, "axis": "x", "origin": [8, 21.5, 3]},
			"faces": {
				"north": {"uv": [0, 0, 0.5, 0], "texture": "#0"},
				"east": {"uv": [0, 0, 0.5, 0], "texture": "#0"},
				"south": {"uv": [0, 0, 0.5, 0], "texture": "#0"},
				"west": {"uv": [0, 0, 0.5, 0], "texture": "#0"},
				"up": {"uv": [7.5, 6, 7, 5.5], "texture": "#0"},
				"down": {"uv": [7.5, 6, 7, 6.5], "texture": "#0"}
			}
		},
		{
			"from": [10, 30.825, 5.95],
			"to": [12, 30.825, 7.95],
			"rotation": {"angle": -22.5, "axis": "x", "origin": [8, 21.5, 3]},
			"faces": {
				"north": {"uv": [0, 0, 0.5, 0], "texture": "#0"},
				"east": {"uv": [0, 0, 0.5, 0], "texture": "#0"},
				"south": {"uv": [0, 0, 0.5, 0], "texture": "#0"},
				"west": {"uv": [0, 0, 0.5, 0], "texture": "#0"},
				"up": {"uv": [6.75, 7.5, 6.25, 7], "texture": "#0"},
				"down": {"uv": [7.5, 6.5, 7, 7], "texture": "#0"}
			}
		},
		{
			"from": [7, 30.825, 8.05],
			"to": [9, 30.825, 10.05],
			"rotation": {"angle": 22.5, "axis": "x", "origin": [8, 21.5, 13]},
			"faces": {
				"north": {"uv": [0, 0, 0.5, 0], "texture": "#0"},
				"east": {"uv": [0, 0, 0.5, 0], "texture": "#0"},
				"south": {"uv": [0, 0, 0.5, 0], "texture": "#0"},
				"west": {"uv": [0, 0, 0.5, 0], "texture": "#0"},
				"up": {"uv": [7.25, 7.5, 6.75, 7], "texture": "#0"},
				"down": {"uv": [7.75, 4, 7.25, 4.5], "texture": "#0"}
			}
		},
		{
			"from": [4, 30.825, 8.05],
			"to": [6, 30.825, 10.05],
			"rotation": {"angle": 22.5, "axis": "x", "origin": [8, 21.5, 13]},
			"faces": {
				"north": {"uv": [0, 0, 0.5, 0], "texture": "#0"},
				"east": {"uv": [0, 0, 0.5, 0], "texture": "#0"},
				"south": {"uv": [0, 0, 0.5, 0], "texture": "#0"},
				"west": {"uv": [0, 0, 0.5, 0], "texture": "#0"},
				"up": {"uv": [7.75, 5, 7.25, 4.5], "texture": "#0"},
				"down": {"uv": [5.25, 7.25, 4.75, 7.75], "texture": "#0"}
			}
		},
		{
			"from": [10, 30.825, 8.05],
			"to": [12, 30.825, 10.05],
			"rotation": {"angle": 22.5, "axis": "x", "origin": [8, 21.5, 13]},
			"faces": {
				"north": {"uv": [0, 0, 0.5, 0], "texture": "#0"},
				"east": {"uv": [0, 0, 0.5, 0], "texture": "#0"},
				"south": {"uv": [0, 0, 0.5, 0], "texture": "#0"},
				"west": {"uv": [0, 0, 0.5, 0], "texture": "#0"},
				"up": {"uv": [7.75, 5.5, 7.25, 5], "texture": "#0"},
				"down": {"uv": [5.75, 7.25, 5.25, 7.75], "texture": "#0"}
			}
		},
		{
			"from": [5.95, 30.825, 7],
			"to": [7.95, 30.825, 9],
			"rotation": {"angle": 22.5, "axis": "z", "origin": [3, 21.5, 8]},
			"faces": {
				"north": {"uv": [0, 0, 0.5, 0], "texture": "#0"},
				"east": {"uv": [0, 0, 0.5, 0], "texture": "#0"},
				"south": {"uv": [0, 0, 0.5, 0], "texture": "#0"},
				"west": {"uv": [0, 0, 0.5, 0], "texture": "#0"},
				"up": {"uv": [6.25, 7.75, 5.75, 7.25], "texture": "#0"},
				"down": {"uv": [7.75, 7, 7.25, 7.5], "texture": "#0"}
			}
		},
		{
			"from": [5.95, 30.825, 10],
			"to": [7.95, 30.825, 12],
			"rotation": {"angle": 22.5, "axis": "z", "origin": [3, 21.5, 8]},
			"faces": {
				"north": {"uv": [0, 0, 0.5, 0], "texture": "#0"},
				"east": {"uv": [0, 0, 0.5, 0], "texture": "#0"},
				"south": {"uv": [0, 0, 0.5, 0], "texture": "#0"},
				"west": {"uv": [0, 0, 0.5, 0], "texture": "#0"},
				"up": {"uv": [8, 2.5, 7.5, 2], "texture": "#0"},
				"down": {"uv": [8, 2.5, 7.5, 3], "texture": "#0"}
			}
		},
		{
			"from": [5.95, 30.825, 4],
			"to": [7.95, 30.825, 6],
			"rotation": {"angle": 22.5, "axis": "z", "origin": [3, 21.5, 8]},
			"faces": {
				"north": {"uv": [0, 0, 0.5, 0], "texture": "#0"},
				"east": {"uv": [0, 0, 0.5, 0], "texture": "#0"},
				"south": {"uv": [0, 0, 0.5, 0], "texture": "#0"},
				"west": {"uv": [0, 0, 0.5, 0], "texture": "#0"},
				"up": {"uv": [8, 3.5, 7.5, 3], "texture": "#0"},
				"down": {"uv": [8, 3.5, 7.5, 4], "texture": "#0"}
			}
		},
		{
			"from": [4, 32, 4],
			"to": [12, 32, 12],
			"rotation": {"angle": 0, "axis": "z", "origin": [8, 21, 8]},
			"faces": {
				"north": {"uv": [0, 0, 2, 0], "texture": "#0"},
				"east": {"uv": [0, 0, 2, 0], "texture": "#0"},
				"south": {"uv": [0, 0, 2, 0], "texture": "#0"},
				"west": {"uv": [0, 0, 2, 0], "texture": "#0"},
				"up": {"uv": [6, 2, 4, 0], "texture": "#0"},
				"down": {"uv": [4, 4, 2, 6], "texture": "#0"}
			}
		},
		{
			"from": [6, -16, 6],
			"to": [10, -15, 10],
			"faces": {
				"north": {"uv": [7.5, 5.5, 8.5, 5.75], "texture": "#0"},
				"east": {"uv": [7.5, 5.75, 8.5, 6], "texture": "#0"},
				"south": {"uv": [7.5, 6, 8.5, 6.25], "texture": "#0"},
				"west": {"uv": [6.25, 7.5, 7.25, 7.75], "texture": "#0"},
				"up": {"uv": [7, 3, 6, 2], "texture": "#0"},
				"down": {"uv": [7, 3, 6, 4], "texture": "#0"}
			}
		},
		{
			"from": [6.5, -8, 6.5],
			"to": [9.5, -7, 9.5],
			"faces": {
				"north": {"uv": [8, 6.5, 8.75, 6.75], "texture": "#0"},
				"east": {"uv": [7, 8, 7.75, 8.25], "texture": "#0"},
				"south": {"uv": [3.5, 8.25, 4.25, 8.5], "texture": "#0"},
				"west": {"uv": [8.25, 4, 9, 4.25], "texture": "#0"},
				"up": {"uv": [5.5, 6.75, 4.75, 6], "texture": "#0"},
				"down": {"uv": [6.75, 4.75, 6, 5.5], "texture": "#0"}
			}
		},
		{
			"from": [6.5, 0, 6.5],
			"to": [9.5, 1, 9.5],
			"faces": {
				"north": {"uv": [4.25, 8.25, 5, 8.5], "texture": "#0"},
				"east": {"uv": [8.25, 4.25, 9, 4.5], "texture": "#0"},
				"south": {"uv": [8.25, 4.5, 9, 4.75], "texture": "#0"},
				"west": {"uv": [8.25, 4.75, 9, 5], "texture": "#0"},
				"up": {"uv": [6.25, 6.75, 5.5, 6], "texture": "#0"},
				"down": {"uv": [7, 5.5, 6.25, 6.25], "texture": "#0"}
			}
		},
		{
			"from": [6.5, 8, 6.5],
			"to": [9.5, 9, 9.5],
			"faces": {
				"north": {"uv": [5, 8.25, 5.75, 8.5], "texture": "#0"},
				"east": {"uv": [8.25, 5, 9, 5.25], "texture": "#0"},
				"south": {"uv": [8.25, 5.25, 9, 5.5], "texture": "#0"},
				"west": {"uv": [5.75, 8.25, 6.5, 8.5], "texture": "#0"},
				"up": {"uv": [7, 7, 6.25, 6.25], "texture": "#0"},
				"down": {"uv": [4.75, 6.75, 4, 7.5], "texture": "#0"}
			}
		},
		{
			"from": [6.5, 16, 6.5],
			"to": [9.5, 17, 9.5],
			"faces": {
				"north": {"uv": [3.5, 8, 4.25, 8.25], "texture": "#0"},
				"east": {"uv": [8, 3.5, 8.75, 3.75], "texture": "#0"},
				"south": {"uv": [8, 3.75, 8.75, 4], "texture": "#0"},
				"west": {"uv": [8, 6.25, 8.75, 6.5], "texture": "#0"},
				"up": {"uv": [4.75, 6.75, 4, 6], "texture": "#0"},
				"down": {"uv": [6.75, 4, 6, 4.75], "texture": "#0"}
			}
		},
		{
			"from": [4, 20.425, 2.125],
			"to": [6, 20.425, 4.125],
			"rotation": {"angle": 22.5, "axis": "x", "origin": [8, 20.5, 3]},
			"faces": {
				"north": {"uv": [0, 0, 0.5, 0], "texture": "#0"},
				"east": {"uv": [0, 0, 0.5, 0], "texture": "#0"},
				"south": {"uv": [0, 0, 0.5, 0], "texture": "#0"},
				"west": {"uv": [0, 0, 0.5, 0], "texture": "#0"},
				"up": {"uv": [4.5, 8, 4, 7.5], "texture": "#0"},
				"down": {"uv": [8, 6.25, 7.5, 6.75], "texture": "#0"}
			}
		},
		{
			"from": [7, 20.425, 2.125],
			"to": [9, 20.425, 4.125],
			"rotation": {"angle": 22.5, "axis": "x", "origin": [8, 20.5, 3]},
			"faces": {
				"north": {"uv": [0, 0, 0.5, 0], "texture": "#0"},
				"east": {"uv": [0, 0, 0.5, 0], "texture": "#0"},
				"south": {"uv": [0, 0, 0.5, 0], "texture": "#0"},
				"west": {"uv": [0, 0, 0.5, 0], "texture": "#0"},
				"up": {"uv": [7.75, 8, 7.25, 7.5], "texture": "#0"},
				"down": {"uv": [8.25, 4, 7.75, 4.5], "texture": "#0"}
			}
		},
		{
			"from": [10, 20.425, 2.125],
			"to": [12, 20.425, 4.125],
			"rotation": {"angle": 22.5, "axis": "x", "origin": [8, 20.5, 3]},
			"faces": {
				"north": {"uv": [0, 0, 0.5, 0], "texture": "#0"},
				"east": {"uv": [0, 0, 0.5, 0], "texture": "#0"},
				"south": {"uv": [0, 0, 0.5, 0], "texture": "#0"},
				"west": {"uv": [0, 0, 0.5, 0], "texture": "#0"},
				"up": {"uv": [5, 8.25, 4.5, 7.75], "texture": "#0"},
				"down": {"uv": [8.25, 4.5, 7.75, 5], "texture": "#0"}
			}
		},
		{
			"from": [7, 20.425, 11.875],
			"to": [9, 20.425, 13.875],
			"rotation": {"angle": -22.5, "axis": "x", "origin": [8, 20.5, 13]},
			"faces": {
				"north": {"uv": [0, 0, 0.5, 0], "texture": "#0"},
				"east": {"uv": [0, 0, 0.5, 0], "texture": "#0"},
				"south": {"uv": [0, 0, 0.5, 0], "texture": "#0"},
				"west": {"uv": [0, 0, 0.5, 0], "texture": "#0"},
				"up": {"uv": [5.5, 8.25, 5, 7.75], "texture": "#0"},
				"down": {"uv": [8.25, 5, 7.75, 5.5], "texture": "#0"}
			}
		},
		{
			"from": [4, 20.425, 11.875],
			"to": [6, 20.425, 13.875],
			"rotation": {"angle": -22.5, "axis": "x", "origin": [8, 20.5, 13]},
			"faces": {
				"north": {"uv": [0, 0, 0.5, 0], "texture": "#0"},
				"east": {"uv": [0, 0, 0.5, 0], "texture": "#0"},
				"south": {"uv": [0, 0, 0.5, 0], "texture": "#0"},
				"west": {"uv": [0, 0, 0.5, 0], "texture": "#0"},
				"up": {"uv": [6, 8.25, 5.5, 7.75], "texture": "#0"},
				"down": {"uv": [6.5, 7.75, 6, 8.25], "texture": "#0"}
			}
		},
		{
			"from": [10, 20.425, 11.875],
			"to": [12, 20.425, 13.875],
			"rotation": {"angle": -22.5, "axis": "x", "origin": [8, 20.5, 13]},
			"faces": {
				"north": {"uv": [0, 0, 0.5, 0], "texture": "#0"},
				"east": {"uv": [0, 0, 0.5, 0], "texture": "#0"},
				"south": {"uv": [0, 0, 0.5, 0], "texture": "#0"},
				"west": {"uv": [0, 0, 0.5, 0], "texture": "#0"},
				"up": {"uv": [7, 8.25, 6.5, 7.75], "texture": "#0"},
				"down": {"uv": [8.25, 6.75, 7.75, 7.25], "texture": "#0"}
			}
		},
		{
			"from": [11.875, 20.425, 4],
			"to": [13.875, 20.425, 6],
			"rotation": {"angle": 22.5, "axis": "z", "origin": [13, 20.5, 7]},
			"faces": {
				"north": {"uv": [0, 0, 0.5, 0], "texture": "#0"},
				"east": {"uv": [0, 0, 0.5, 0], "texture": "#0"},
				"south": {"uv": [0, 0, 0.5, 0], "texture": "#0"},
				"west": {"uv": [0, 0, 0.5, 0], "texture": "#0"},
				"up": {"uv": [8.25, 7.75, 7.75, 7.25], "texture": "#0"},
				"down": {"uv": [8.25, 7.75, 7.75, 8.25], "texture": "#0"}
			}
		},
		{
			"from": [11.875, 20.425, 10],
			"to": [13.875, 20.425, 12],
			"rotation": {"angle": 22.5, "axis": "z", "origin": [13, 20.5, 7]},
			"faces": {
				"north": {"uv": [0, 0, 0.5, 0], "texture": "#0"},
				"east": {"uv": [0, 0, 0.5, 0], "texture": "#0"},
				"south": {"uv": [0, 0, 0.5, 0], "texture": "#0"},
				"west": {"uv": [0, 0, 0.5, 0], "texture": "#0"},
				"up": {"uv": [8.5, 0.5, 8, 0], "texture": "#0"},
				"down": {"uv": [8.5, 0.5, 8, 1], "texture": "#0"}
			}
		},
		{
			"from": [11.875, 20.425, 7],
			"to": [13.875, 20.425, 9],
			"rotation": {"angle": 22.5, "axis": "z", "origin": [13, 20.5, 7]},
			"faces": {
				"north": {"uv": [0, 0, 0.5, 0], "texture": "#0"},
				"east": {"uv": [0, 0, 0.5, 0], "texture": "#0"},
				"south": {"uv": [0, 0, 0.5, 0], "texture": "#0"},
				"west": {"uv": [0, 0, 0.5, 0], "texture": "#0"},
				"up": {"uv": [8.5, 1.5, 8, 1], "texture": "#0"},
				"down": {"uv": [8.5, 1.5, 8, 2], "texture": "#0"}
			}
		},
		{
			"from": [2.125, 20.425, 7],
			"to": [4.125, 20.425, 9],
			"rotation": {"angle": -22.5, "axis": "z", "origin": [3, 20.5, 8]},
			"faces": {
				"north": {"uv": [0, 0, 0.5, 0], "texture": "#0"},
				"east": {"uv": [0, 0, 0.5, 0], "texture": "#0"},
				"south": {"uv": [0, 0, 0.5, 0], "texture": "#0"},
				"west": {"uv": [0, 0, 0.5, 0], "texture": "#0"},
				"up": {"uv": [2.5, 8.5, 2, 8], "texture": "#0"},
				"down": {"uv": [8.5, 2, 8, 2.5], "texture": "#0"}
			}
		},
		{
			"from": [2.125, 20.425, 10],
			"to": [4.125, 20.425, 12],
			"rotation": {"angle": -22.5, "axis": "z", "origin": [3, 20.5, 8]},
			"faces": {
				"north": {"uv": [0, 0, 0.5, 0], "texture": "#0"},
				"east": {"uv": [0, 0, 0.5, 0], "texture": "#0"},
				"south": {"uv": [0, 0, 0.5, 0], "texture": "#0"},
				"west": {"uv": [0, 0, 0.5, 0], "texture": "#0"},
				"up": {"uv": [3, 8.5, 2.5, 8], "texture": "#0"},
				"down": {"uv": [8.5, 2.5, 8, 3], "texture": "#0"}
			}
		},
		{
			"from": [2.125, 20.425, 4],
			"to": [4.125, 20.425, 6],
			"rotation": {"angle": -22.5, "axis": "z", "origin": [3, 20.5, 8]},
			"faces": {
				"north": {"uv": [0, 0, 0.5, 0], "texture": "#0"},
				"east": {"uv": [0, 0, 0.5, 0], "texture": "#0"},
				"south": {"uv": [0, 0, 0.5, 0], "texture": "#0"},
				"west": {"uv": [0, 0, 0.5, 0], "texture": "#0"},
				"up": {"uv": [3.5, 8.5, 3, 8], "texture": "#0"},
				"down": {"uv": [8.5, 3, 8, 3.5], "texture": "#0"}
			}
		},
		{
			"from": [4, 22, 8],
			"to": [12, 30, 8],
			"rotation": {"angle": 0, "axis": "y", "origin": [8, 24, 8]},
			"faces": {
				"north": {"uv": [4, 2, 6, 4], "texture": "#0"},
				"east": {"uv": [0, 0, 0, 2], "texture": "#0"},
				"south": {"uv": [4, 4, 6, 6], "texture": "#0"},
				"west": {"uv": [0, 0, 0, 2], "texture": "#0"},
				"up": {"uv": [2, 0, 0, 0], "texture": "#0"},
				"down": {"uv": [2, 0, 0, 0], "texture": "#0"}
			}
		},
		{
			"from": [8, 22, 4],
			"to": [8, 30, 12],
			"rotation": {"angle": 0, "axis": "y", "origin": [8, 24, 8]},
			"faces": {
				"north": {"uv": [0, 0, 0, 2], "texture": "#0"},
				"east": {"uv": [6, 0, 8, 2], "texture": "#0"},
				"south": {"uv": [0, 0, 0, 2], "texture": "#0"},
				"west": {"uv": [2, 6, 4, 8], "texture": "#0"},
				"up": {"uv": [0, 2, 0, 0], "texture": "#0"},
				"down": {"uv": [0, 0, 0, 2], "texture": "#0"}
			}
		}
	],
	"display": {
		"ground": {
			"rotation": [90, 0, 0]
		},
		"fixed": {
			"translation": [0, 0, -6.5]
		}
	},
	"groups": [
		{
			"name": "group",
			"origin": [0, 0, 0],
			"color": 0,
			"children": [0, 1,
				{
					"name": "east",
					"origin": [8, 8, 8],
					"color": 0,
					"children": [2, 3, 4]
				},
				{
					"name": "north",
					"origin": [0, 0, 0],
					"color": 0,
					"children": [5, 6, 7]
				},
				{
					"name": "south",
					"origin": [13, 20, 7],
					"color": 0,
					"children": [8, 9, 10]
				},
				{
					"name": "west",
					"origin": [0, 0, 0],
					"color": 0,
					"children": [11, 12, 13]
				}, 14, 15, 16, 17, 18, 19,
				{
					"name": "north",
					"origin": [0, 0, 0],
					"color": 0,
					"children": [20, 21, 22]
				},
				{
					"name": "south",
					"origin": [13, 20, 7],
					"color": 0,
					"children": [23, 24, 25]
				},
				{
					"name": "east",
					"origin": [8, 8, 8],
					"color": 0,
					"children": [26, 27, 28]
				},
				{
					"name": "west",
					"origin": [0, 0, 0],
					"color": 0,
					"children": [29, 30, 31]
				}
			]
		},
		{
			"name": "eye",
			"origin": [8, 8, 8],
			"color": 0,
			"children": [32, 33]
		}
	]
}