{
	"credit": "Made with Blockbench",
	"texture_size": [128, 128],
	"textures": {
		"0": "item/drill",
		"particle": "item/drill"
	},
	"elements": [
		{
			"from": [9, 5, 8],
			"to": [24, 16, 23],
			"faces": {
				"north": {"uv": [3.5, 1.625, 5.375, 3], "texture": "#0"},
				"east": {"uv": [3.5, 3, 5.375, 4.375], "texture": "#0"},
				"south": {"uv": [0, 3.75, 1.875, 5.125], "texture": "#0"},
				"west": {"uv": [3.5, 4.375, 5.375, 5.75], "texture": "#0"},
				"up": {"uv": [1.875, 1.875, 0, 0], "texture": "#0"},
				"down": {"uv": [1.875, 1.875, 0, 3.75], "texture": "#0"}
			}
		},
		{
			"from": [9, -6, 21],
			"to": [11, 5, 23],
			"faces": {
				"north": {"uv": [2, 6.25, 2.25, 7.625], "texture": "#0"},
				"east": {"uv": [2.25, 6.25, 2.5, 7.625], "texture": "#0"},
				"south": {"uv": [2.5, 6.25, 2.75, 7.625], "texture": "#0"},
				"west": {"uv": [2.75, 6.25, 3, 7.625], "texture": "#0"},
				"up": {"uv": [3.5, 5.125, 3.25, 4.875], "texture": "#0"},
				"down": {"uv": [5.375, 1.125, 5.125, 1.375], "texture": "#0"}
			}
		},
		{
			"from": [22, -6, 21],
			"to": [24, 5, 23],
			"faces": {
				"north": {"uv": [3, 6.25, 3.25, 7.625], "texture": "#0"},
				"east": {"uv": [4.125, 6.375, 4.375, 7.75], "texture": "#0"},
				"south": {"uv": [4.375, 6.375, 4.625, 7.75], "texture": "#0"},
				"west": {"uv": [4.625, 6.375, 4.875, 7.75], "texture": "#0"},
				"up": {"uv": [1.625, 5.375, 1.375, 5.125], "texture": "#0"},
				"down": {"uv": [5.375, 1.375, 5.125, 1.625], "texture": "#0"}
			}
		},
		{
			"from": [22, -6, 8],
			"to": [24, 5, 10],
			"faces": {
				"north": {"uv": [4.875, 6.375, 5.125, 7.75], "texture": "#0"},
				"east": {"uv": [5.125, 6.375, 5.375, 7.75], "texture": "#0"},
				"south": {"uv": [5.375, 6.375, 5.625, 7.75], "texture": "#0"},
				"west": {"uv": [5.625, 6.375, 5.875, 7.75], "texture": "#0"},
				"up": {"uv": [1.875, 5.375, 1.625, 5.125], "texture": "#0"},
				"down": {"uv": [3.5, 5.125, 3.25, 5.375], "texture": "#0"}
			}
		},
		{
			"from": [9, -6, 8],
			"to": [11, 5, 10],
			"faces": {
				"north": {"uv": [5.875, 6.375, 6.125, 7.75], "texture": "#0"},
				"east": {"uv": [6.125, 6.375, 6.375, 7.75], "texture": "#0"},
				"south": {"uv": [6.375, 6.375, 6.625, 7.75], "texture": "#0"},
				"west": {"uv": [0, 6.5, 0.25, 7.875], "texture": "#0"},
				"up": {"uv": [1.625, 5.625, 1.375, 5.375], "texture": "#0"},
				"down": {"uv": [1.875, 5.375, 1.625, 5.625], "texture": "#0"}
			}
		},
		{
			"from": [11, -6, 21],
			"to": [22, -4, 23],
			"faces": {
				"north": {"uv": [6.25, 5.25, 7.625, 5.5], "texture": "#0"},
				"east": {"uv": [3.25, 5.375, 3.5, 5.625], "texture": "#0"},
				"south": {"uv": [6.25, 5.5, 7.625, 5.75], "texture": "#0"},
				"west": {"uv": [1.375, 5.625, 1.625, 5.875], "texture": "#0"},
				"up": {"uv": [7.625, 6, 6.25, 5.75], "texture": "#0"},
				"down": {"uv": [7.875, 1.125, 6.5, 1.375], "texture": "#0"}
			}
		},
		{
			"from": [14, 30, 13],
			"to": [19, 32, 18],
			"faces": {
				"north": {"uv": [7, 2.875, 7.625, 3.125], "texture": "#0"},
				"east": {"uv": [7, 3.125, 7.625, 3.375], "texture": "#0"},
				"south": {"uv": [7, 3.375, 7.625, 3.625], "texture": "#0"},
				"west": {"uv": [7, 3.625, 7.625, 3.875], "texture": "#0"},
				"up": {"uv": [6.875, 1.125, 6.25, 0.5], "texture": "#0"},
				"down": {"uv": [2, 6.25, 1.375, 6.875], "texture": "#0"}
			}
		},
		{
			"from": [13, 28, 12],
			"to": [20, 30, 19],
			"faces": {
				"north": {"uv": [3.25, 6.625, 4.125, 6.875], "texture": "#0"},
				"east": {"uv": [3.25, 6.875, 4.125, 7.125], "texture": "#0"},
				"south": {"uv": [7, 2.375, 7.875, 2.625], "texture": "#0"},
				"west": {"uv": [7, 2.625, 7.875, 2.875], "texture": "#0"},
				"up": {"uv": [6.25, 6.125, 5.375, 5.25], "texture": "#0"},
				"down": {"uv": [4.125, 5.75, 3.25, 6.625], "texture": "#0"}
			}
		},
		{
			"from": [12, 26, 11],
			"to": [21, 28, 20],
			"faces": {
				"north": {"uv": [4.125, 5.75, 5.25, 6], "texture": "#0"},
				"east": {"uv": [0.25, 6.5, 1.375, 6.75], "texture": "#0"},
				"south": {"uv": [6.625, 6.875, 7.75, 7.125], "texture": "#0"},
				"west": {"uv": [7, 2.125, 8.125, 2.375], "texture": "#0"},
				"up": {"uv": [6.25, 1.125, 5.125, 0], "texture": "#0"},
				"down": {"uv": [6.5, 1.125, 5.375, 2.25], "texture": "#0"}
			}
		},
		{
			"from": [11, 24, 10],
			"to": [22, 26, 21],
			"faces": {
				"north": {"uv": [6.5, 1.375, 7.875, 1.625], "texture": "#0"},
				"east": {"uv": [6.5, 1.625, 7.875, 1.875], "texture": "#0"},
				"south": {"uv": [6.5, 1.875, 7.875, 2.125], "texture": "#0"},
				"west": {"uv": [6.625, 6.375, 8, 6.625], "texture": "#0"},
				"up": {"uv": [3.25, 6.25, 1.875, 4.875], "texture": "#0"},
				"down": {"uv": [1.375, 5.125, 0, 6.5], "texture": "#0"}
			}
		},
		{
			"from": [10, 22, 9],
			"to": [23, 24, 22],
			"faces": {
				"north": {"uv": [4.125, 6.125, 5.75, 6.375], "texture": "#0"},
				"east": {"uv": [5.75, 6.125, 7.375, 6.375], "texture": "#0"},
				"south": {"uv": [6.25, 0, 7.875, 0.25], "texture": "#0"},
				"west": {"uv": [6.25, 0.25, 7.875, 0.5], "texture": "#0"},
				"up": {"uv": [3.5, 1.625, 1.875, 0], "texture": "#0"},
				"down": {"uv": [3.5, 1.625, 1.875, 3.25], "texture": "#0"}
			}
		},
		{
			"from": [10, 16, 9],
			"to": [23, 22, 22],
			"faces": {
				"north": {"uv": [5.375, 2.25, 7, 3], "texture": "#0"},
				"east": {"uv": [5.375, 3, 7, 3.75], "texture": "#0"},
				"south": {"uv": [5.375, 3.75, 7, 4.5], "texture": "#0"},
				"west": {"uv": [5.375, 4.5, 7, 5.25], "texture": "#0"},
				"up": {"uv": [3.5, 4.875, 1.875, 3.25], "texture": "#0"},
				"down": {"uv": [5.125, 0, 3.5, 1.625], "texture": "#0"}
			}
		},
		{
			"from": [11, -6, 8],
			"to": [22, -4, 10],
			"faces": {
				"north": {"uv": [6.625, 6.625, 8, 6.875], "texture": "#0"},
				"east": {"uv": [1.625, 5.625, 1.875, 5.875], "texture": "#0"},
				"south": {"uv": [0.25, 6.875, 1.625, 7.125], "texture": "#0"},
				"west": {"uv": [1.375, 5.875, 1.625, 6.125], "texture": "#0"},
				"up": {"uv": [8.25, 0.75, 6.875, 0.5], "texture": "#0"},
				"down": {"uv": [8.25, 0.75, 6.875, 1], "texture": "#0"}
			}
		}
	],
	"display": {
		"thirdperson_righthand": {
			"rotation": [0, -90, 0],
			"translation": [1.25, 11.75, -2]
		},
		"thirdperson_lefthand": {
			"rotation": [0, -90, 0],
			"translation": [-1.25, 11.75, 5]
		},
		"firstperson_righthand": {
			"rotation": [-90, -90, 0],
			"translation": [-1, -10, -3]
		},
		"firstperson_lefthand": {
			"rotation": [0, -90, 0],
			"translation": [-1.25, 11.75, 1]
		},
		"ground": {
			"rotation": [-90, 0, 0],
			"translation": [-8, -6.25, 2.5]
		},
		"gui": {
			"rotation": [84, 60, -75],
			"translation": [-4.75, -1, 0],
			"scale": [0.5, 0.5, 0.5]
		},
		"head": {
			"rotation": [-90, -90, 0],
			"translation": [13.25, -32.25, -16.5],
			"scale": [1.75, 1.75, 1.75]
		},
		"fixed": {
			"rotation": [0, 90, 0],
			"translation": [-7.75, 4.25, 0],
			"scale": [1.25977, 1.19922, 1]
		}
	},
	"groups": [
		{
			"name": "group",
			"origin": [8, 8, 8],
			"color": 0,
			"children": [0, 1, 2, 3, 4, 5, 6, 7, 8, 9, 10, 11, 12]
		}
	]
}