{
	"credit": "Made with Blockbench",
	"texture_size": [128, 128],
	"textures": {
		"0": "item/earth",
		"particle": "item/earth"
	},
	"elements": [
		{
			"from": [6, 0, 5],
			"to": [11, 1, 10],
			"faces": {
				"north": {"uv": [10.875, 4.25, 11.5, 4.375], "texture": "#0"},
				"east": {"uv": [5.125, 10.875, 5.75, 11], "texture": "#0"},
				"south": {"uv": [5.75, 10.875, 6.375, 11], "texture": "#0"},
				"west": {"uv": [6.375, 10.875, 7, 11], "texture": "#0"},
				"up": {"uv": [8.25, 5.5, 7.625, 4.875], "texture": "#0"},
				"down": {"uv": [8.25, 5.5, 7.625, 6.125], "texture": "#0"}
			}
		},
		{
			"from": [5, 0, 6],
			"to": [6, 1, 9],
			"faces": {
				"north": {"uv": [4.25, 8.375, 4.375, 8.5], "texture": "#0"},
				"east": {"uv": [6, 10.125, 6.375, 10.25], "texture": "#0"},
				"south": {"uv": [4.25, 8.5, 4.375, 8.625], "texture": "#0"},
				"west": {"uv": [7.5, 11.25, 7.875, 11.375], "texture": "#0"},
				"up": {"uv": [8.375, 10.5, 8.25, 10.125], "texture": "#0"},
				"down": {"uv": [8.5, 10.125, 8.375, 10.5], "texture": "#0"}
			}
		},
		{
			"from": [11, 0, 6],
			"to": [12, 1, 9],
			"faces": {
				"north": {"uv": [2.375, 9.625, 2.5, 9.75], "texture": "#0"},
				"east": {"uv": [7.875, 11.25, 8.25, 11.375], "texture": "#0"},
				"south": {"uv": [2.5, 9.625, 2.625, 9.75], "texture": "#0"},
				"west": {"uv": [8.5, 11.25, 8.875, 11.375], "texture": "#0"},
				"up": {"uv": [9, 11.625, 8.875, 11.25], "texture": "#0"},
				"down": {"uv": [9.125, 11.25, 9, 11.625], "texture": "#0"}
			}
		},
		{
			"from": [7, 0, 4],
			"to": [10, 1, 5],
			"faces": {
				"north": {"uv": [9.625, 11.25, 10, 11.375], "texture": "#0"},
				"east": {"uv": [6.5, 9.625, 6.625, 9.75], "texture": "#0"},
				"south": {"uv": [10.625, 11.25, 11, 11.375], "texture": "#0"},
				"west": {"uv": [6.25, 10, 6.375, 10.125], "texture": "#0"},
				"up": {"uv": [11.375, 11.375, 11, 11.25], "texture": "#0"},
				"down": {"uv": [11.625, 11.125, 11.25, 11.25], "texture": "#0"}
			}
		},
		{
			"from": [7, 0, 10],
			"to": [10, 1, 11],
			"faces": {
				"north": {"uv": [2, 11.375, 2.375, 11.5], "texture": "#0"},
				"east": {"uv": [8.25, 10.5, 8.375, 10.625], "texture": "#0"},
				"south": {"uv": [2.375, 11.375, 2.75, 11.5], "texture": "#0"},
				"west": {"uv": [8.375, 10.5, 8.5, 10.625], "texture": "#0"},
				"up": {"uv": [3.125, 11.5, 2.75, 11.375], "texture": "#0"},
				"down": {"uv": [3.5, 11.375, 3.125, 11.5], "texture": "#0"}
			}
		},
		{
			"from": [5, 1, 3],
			"to": [12, 2, 12],
			"faces": {
				"north": {"uv": [6.5, 6.25, 7.375, 6.375], "texture": "#0"},
				"east": {"uv": [9.5, 4.375, 10.625, 4.5], "texture": "#0"},
				"south": {"uv": [6.5, 6.375, 7.375, 6.5], "texture": "#0"},
				"west": {"uv": [9.5, 4.5, 10.625, 4.625], "texture": "#0"},
				"up": {"uv": [2, 8.375, 1.125, 7.25], "texture": "#0"},
				"down": {"uv": [2.875, 7.25, 2, 8.375], "texture": "#0"}
			}
		},
		{
			"from": [4, 1, 4],
			"to": [5, 2, 11],
			"faces": {
				"north": {"uv": [8.125, 11.125, 8.25, 11.25], "texture": "#0"},
				"east": {"uv": [5.125, 10.125, 6, 10.25], "texture": "#0"},
				"south": {"uv": [11.5, 9.5, 11.625, 9.625], "texture": "#0"},
				"west": {"uv": [7.375, 10.125, 8.25, 10.25], "texture": "#0"},
				"up": {"uv": [5.75, 9.5, 5.625, 8.625], "texture": "#0"},
				"down": {"uv": [5.875, 8.625, 5.75, 9.5], "texture": "#0"}
			}
		},
		{
			"from": [3, 1, 5],
			"to": [4, 2, 10],
			"faces": {
				"north": {"uv": [9.75, 11.5, 9.875, 11.625], "texture": "#0"},
				"east": {"uv": [7, 10.875, 7.625, 11], "texture": "#0"},
				"south": {"uv": [11.5, 9.75, 11.625, 9.875], "texture": "#0"},
				"west": {"uv": [7.625, 10.875, 8.25, 11], "texture": "#0"},
				"up": {"uv": [8.375, 11.5, 8.25, 10.875], "texture": "#0"},
				"down": {"uv": [11, 8.25, 10.875, 8.875], "texture": "#0"}
			}
		},
		{
			"from": [13, 1, 5],
			"to": [14, 2, 10],
			"faces": {
				"north": {"uv": [9.875, 11.5, 10, 11.625], "texture": "#0"},
				"east": {"uv": [10.875, 8.875, 11.5, 9], "texture": "#0"},
				"south": {"uv": [11.5, 9.875, 11.625, 10], "texture": "#0"},
				"west": {"uv": [10.875, 9, 11.5, 9.125], "texture": "#0"},
				"up": {"uv": [9.5, 11.5, 9.375, 10.875], "texture": "#0"},
				"down": {"uv": [9.625, 10.875, 9.5, 11.5], "texture": "#0"}
			}
		},
		{
			"from": [6, 1, 2],
			"to": [11, 2, 3],
			"faces": {
				"north": {"uv": [10.875, 9.125, 11.5, 9.25], "texture": "#0"},
				"east": {"uv": [11.5, 10, 11.625, 10.125], "texture": "#0"},
				"south": {"uv": [10.875, 9.25, 11.5, 9.375], "texture": "#0"},
				"west": {"uv": [11.5, 10.125, 11.625, 10.25], "texture": "#0"},
				"up": {"uv": [11.5, 9.5, 10.875, 9.375], "texture": "#0"},
				"down": {"uv": [10.25, 10.875, 9.625, 11], "texture": "#0"}
			}
		},
		{
			"from": [6, 1, 12],
			"to": [11, 2, 13],
			"faces": {
				"north": {"uv": [10.875, 9.75, 11.5, 9.875], "texture": "#0"},
				"east": {"uv": [10.25, 11.5, 10.375, 11.625], "texture": "#0"},
				"south": {"uv": [10.875, 9.875, 11.5, 10], "texture": "#0"},
				"west": {"uv": [10.375, 11.5, 10.5, 11.625], "texture": "#0"},
				"up": {"uv": [11.5, 10.125, 10.875, 10], "texture": "#0"},
				"down": {"uv": [11.375, 10.875, 10.75, 11], "texture": "#0"}
			}
		},
		{
			"from": [12, 1, 4],
			"to": [13, 2, 11],
			"faces": {
				"north": {"uv": [10.5, 11.5, 10.625, 11.625], "texture": "#0"},
				"east": {"uv": [9.75, 10.125, 10.625, 10.25], "texture": "#0"},
				"south": {"uv": [10.625, 11.5, 10.75, 11.625], "texture": "#0"},
				"west": {"uv": [1.125, 10.25, 2, 10.375], "texture": "#0"},
				"up": {"uv": [6, 9.5, 5.875, 8.625], "texture": "#0"},
				"down": {"uv": [6.125, 8.625, 6, 9.5], "texture": "#0"}
			}
		},
		{
			"from": [4, 2, 2],
			"to": [13, 3, 13],
			"faces": {
				"north": {"uv": [9.5, 4.625, 10.625, 4.75], "texture": "#0"},
				"east": {"uv": [4.875, 8.125, 6.25, 8.25], "texture": "#0"},
				"south": {"uv": [9.5, 4.75, 10.625, 4.875], "texture": "#0"},
				"west": {"uv": [4.875, 8.25, 6.25, 8.375], "texture": "#0"},
				"up": {"uv": [7.625, 6.25, 6.5, 4.875], "texture": "#0"},
				"down": {"uv": [7.375, 6.5, 6.25, 7.875], "texture": "#0"}
			}
		},
		{
			"from": [3, 2, 3],
			"to": [4, 3, 12],
			"faces": {
				"north": {"uv": [10.75, 11.5, 10.875, 11.625], "texture": "#0"},
				"east": {"uv": [5.625, 9.5, 6.75, 9.625], "texture": "#0"},
				"south": {"uv": [10.875, 11.5, 11, 11.625], "texture": "#0"},
				"west": {"uv": [9.5, 6.125, 10.625, 6.25], "texture": "#0"},
				"up": {"uv": [0.75, 9.75, 0.625, 8.625], "texture": "#0"},
				"down": {"uv": [0.875, 8.625, 0.75, 9.75], "texture": "#0"}
			}
		},
		{
			"from": [13, 2, 3],
			"to": [14, 3, 12],
			"faces": {
				"north": {"uv": [11.25, 11.5, 11.375, 11.625], "texture": "#0"},
				"east": {"uv": [8.375, 9.5, 9.5, 9.625], "texture": "#0"},
				"south": {"uv": [11.375, 11.5, 11.5, 11.625], "texture": "#0"},
				"west": {"uv": [9.5, 9.5, 10.625, 9.625], "texture": "#0"},
				"up": {"uv": [1, 9.75, 0.875, 8.625], "texture": "#0"},
				"down": {"uv": [1.125, 8.625, 1, 9.75], "texture": "#0"}
			}
		},
		{
			"from": [14, 2, 4],
			"to": [15, 3, 11],
			"faces": {
				"north": {"uv": [11.5, 11.5, 11.625, 11.625], "texture": "#0"},
				"east": {"uv": [2.875, 10.25, 3.75, 10.375], "texture": "#0"},
				"south": {"uv": [11.625, 0, 11.75, 0.125], "texture": "#0"},
				"west": {"uv": [3.75, 10.25, 4.625, 10.375], "texture": "#0"},
				"up": {"uv": [6.25, 9.5, 6.125, 8.625], "texture": "#0"},
				"down": {"uv": [0.125, 10, 0, 10.875], "texture": "#0"}
			}
		},
		{
			"from": [2, 2, 4],
			"to": [3, 3, 11],
			"faces": {
				"north": {"uv": [11.625, 0.125, 11.75, 0.25], "texture": "#0"},
				"east": {"uv": [4.625, 10.25, 5.5, 10.375], "texture": "#0"},
				"south": {"uv": [11.625, 0.25, 11.75, 0.375], "texture": "#0"},
				"west": {"uv": [5.5, 10.25, 6.375, 10.375], "texture": "#0"},
				"up": {"uv": [0.25, 10.875, 0.125, 10], "texture": "#0"},
				"down": {"uv": [0.375, 10, 0.25, 10.875], "texture": "#0"}
			}
		},
		{
			"from": [5, 2, 1],
			"to": [12, 3, 2],
			"faces": {
				"north": {"uv": [7.375, 10.25, 8.25, 10.375], "texture": "#0"},
				"east": {"uv": [11.625, 0.375, 11.75, 0.5], "texture": "#0"},
				"south": {"uv": [9.75, 10.25, 10.625, 10.375], "texture": "#0"},
				"west": {"uv": [11.625, 0.5, 11.75, 0.625], "texture": "#0"},
				"up": {"uv": [2, 10.5, 1.125, 10.375], "texture": "#0"},
				"down": {"uv": [3.75, 10.375, 2.875, 10.5], "texture": "#0"}
			}
		},
		{
			"from": [5, 2, 13],
			"to": [12, 3, 14],
			"faces": {
				"north": {"uv": [3.75, 10.375, 4.625, 10.5], "texture": "#0"},
				"east": {"uv": [0.625, 11.625, 0.75, 11.75], "texture": "#0"},
				"south": {"uv": [4.625, 10.375, 5.5, 10.5], "texture": "#0"},
				"west": {"uv": [11.625, 0.625, 11.75, 0.75], "texture": "#0"},
				"up": {"uv": [6.375, 10.5, 5.5, 10.375], "texture": "#0"},
				"down": {"uv": [8.25, 10.375, 7.375, 10.5], "texture": "#0"}
			}
		},
		{
			"from": [3, 3, 1],
			"to": [14, 4, 14],
			"faces": {
				"north": {"uv": [8.25, 7.75, 9.625, 7.875], "texture": "#0"},
				"east": {"uv": [7.875, 2.125, 9.5, 2.25], "texture": "#0"},
				"south": {"uv": [8.25, 7.875, 9.625, 8], "texture": "#0"},
				"west": {"uv": [7.875, 2.25, 9.5, 2.375], "texture": "#0"},
				"up": {"uv": [7.875, 1.625, 6.5, 0], "texture": "#0"},
				"down": {"uv": [7.875, 1.625, 6.5, 3.25], "texture": "#0"}
			}
		},
		{
			"from": [2, 3, 2],
			"to": [3, 4, 13],
			"faces": {
				"north": {"uv": [0.75, 11.625, 0.875, 11.75], "texture": "#0"},
				"east": {"uv": [8.25, 8, 9.625, 8.125], "texture": "#0"},
				"south": {"uv": [11.625, 0.75, 11.75, 0.875], "texture": "#0"},
				"west": {"uv": [8.25, 8.125, 9.625, 8.25], "texture": "#0"},
				"up": {"uv": [8.375, 9.625, 8.25, 8.25], "texture": "#0"},
				"down": {"uv": [1.25, 8.375, 1.125, 9.75], "texture": "#0"}
			}
		},
		{
			"from": [14, 3, 2],
			"to": [15, 4, 13],
			"faces": {
				"north": {"uv": [0.875, 11.625, 1, 11.75], "texture": "#0"},
				"east": {"uv": [1.25, 8.375, 2.625, 8.5], "texture": "#0"},
				"south": {"uv": [11.625, 0.875, 11.75, 1], "texture": "#0"},
				"west": {"uv": [4.875, 8.375, 6.25, 8.5], "texture": "#0"},
				"up": {"uv": [2.75, 9.75, 2.625, 8.375], "texture": "#0"},
				"down": {"uv": [2.875, 8.375, 2.75, 9.75], "texture": "#0"}
			}
		},
		{
			"from": [1, 3, 4],
			"to": [2, 4, 11],
			"faces": {
				"north": {"uv": [1, 11.625, 1.125, 11.75], "texture": "#0"},
				"east": {"uv": [9.75, 10.375, 10.625, 10.5], "texture": "#0"},
				"south": {"uv": [11.625, 1, 11.75, 1.125], "texture": "#0"},
				"west": {"uv": [1.125, 10.5, 2, 10.625], "texture": "#0"},
				"up": {"uv": [0.5, 10.875, 0.375, 10], "texture": "#0"},
				"down": {"uv": [0.625, 10, 0.5, 10.875], "texture": "#0"}
			}
		},
		{
			"from": [15, 3, 4],
			"to": [16, 4, 11],
			"faces": {
				"north": {"uv": [1.125, 11.625, 1.25, 11.75], "texture": "#0"},
				"east": {"uv": [2.875, 10.5, 3.75, 10.625], "texture": "#0"},
				"south": {"uv": [11.625, 1.125, 11.75, 1.25], "texture": "#0"},
				"west": {"uv": [3.75, 10.5, 4.625, 10.625], "texture": "#0"},
				"up": {"uv": [6.5, 10.875, 6.375, 10], "texture": "#0"},
				"down": {"uv": [6.625, 10, 6.5, 10.875], "texture": "#0"}
			}
		},
		{
			"from": [5, 3, 0],
			"to": [12, 4, 1],
			"faces": {
				"north": {"uv": [4.625, 10.5, 5.5, 10.625], "texture": "#0"},
				"east": {"uv": [1.25, 11.625, 1.375, 11.75], "texture": "#0"},
				"south": {"uv": [5.5, 10.5, 6.375, 10.625], "texture": "#0"},
				"west": {"uv": [1.375, 11.625, 1.5, 11.75], "texture": "#0"},
				"up": {"uv": [8.25, 10.625, 7.375, 10.5], "texture": "#0"},
				"down": {"uv": [11.375, 9.625, 10.5, 9.75], "texture": "#0"}
			}
		},
		{
			"from": [5, 3, 14],
			"to": [12, 4, 15],
			"faces": {
				"north": {"uv": [9.75, 10.5, 10.625, 10.625], "texture": "#0"},
				"east": {"uv": [1.5, 11.625, 1.625, 11.75], "texture": "#0"},
				"south": {"uv": [1.125, 10.625, 2, 10.75], "texture": "#0"},
				"west": {"uv": [1.625, 11.625, 1.75, 11.75], "texture": "#0"},
				"up": {"uv": [3.75, 10.75, 2.875, 10.625], "texture": "#0"},
				"down": {"uv": [4.625, 10.625, 3.75, 10.75], "texture": "#0"}
			}
		},
		{
			"from": [2, 4, 1],
			"to": [15, 5, 14],
			"faces": {
				"north": {"uv": [7.875, 2.375, 9.5, 2.5], "texture": "#0"},
				"east": {"uv": [7.875, 2.5, 9.5, 2.625], "texture": "#0"},
				"south": {"uv": [7.875, 2.625, 9.5, 2.75], "texture": "#0"},
				"west": {"uv": [7.875, 2.75, 9.5, 2.875], "texture": "#0"},
				"up": {"uv": [4.875, 5.375, 3.25, 3.75], "texture": "#0"},
				"down": {"uv": [6.5, 0, 4.875, 1.625], "texture": "#0"}
			}
		},
		{
			"from": [4, 4, 14],
			"to": [13, 5, 15],
			"faces": {
				"north": {"uv": [1.25, 9.625, 2.375, 9.75], "texture": "#0"},
				"east": {"uv": [1.75, 11.625, 1.875, 11.75], "texture": "#0"},
				"south": {"uv": [4.25, 9.625, 5.375, 9.75], "texture": "#0"},
				"west": {"uv": [1.875, 11.625, 2, 11.75], "texture": "#0"},
				"up": {"uv": [6.5, 9.75, 5.375, 9.625], "texture": "#0"},
				"down": {"uv": [10.75, 7.75, 9.625, 7.875], "texture": "#0"}
			}
		},
		{
			"from": [4, 4, 0],
			"to": [13, 5, 1],
			"faces": {
				"north": {"uv": [9.625, 7.875, 10.75, 8], "texture": "#0"},
				"east": {"uv": [2, 11.625, 2.125, 11.75], "texture": "#0"},
				"south": {"uv": [9.625, 8, 10.75, 8.125], "texture": "#0"},
				"west": {"uv": [2.125, 11.625, 2.25, 11.75], "texture": "#0"},
				"up": {"uv": [10.75, 8.25, 9.625, 8.125], "texture": "#0"},
				"down": {"uv": [9.375, 9.625, 8.25, 9.75], "texture": "#0"}
			}
		},
		{
			"from": [6, 4, 15],
			"to": [11, 5, 16],
			"faces": {
				"north": {"uv": [11, 0, 11.625, 0.125], "texture": "#0"},
				"east": {"uv": [2.25, 11.625, 2.375, 11.75], "texture": "#0"},
				"south": {"uv": [11, 0.125, 11.625, 0.25], "texture": "#0"},
				"west": {"uv": [2.375, 11.625, 2.5, 11.75], "texture": "#0"},
				"up": {"uv": [11.625, 0.375, 11, 0.25], "texture": "#0"},
				"down": {"uv": [11.625, 0.375, 11, 0.5], "texture": "#0"}
			}
		},
		{
			"from": [6, 4, -1],
			"to": [11, 5, 0],
			"faces": {
				"north": {"uv": [11, 0.5, 11.625, 0.625], "texture": "#0"},
				"east": {"uv": [2.5, 11.625, 2.625, 11.75], "texture": "#0"},
				"south": {"uv": [11, 0.625, 11.625, 0.75], "texture": "#0"},
				"west": {"uv": [2.625, 11.625, 2.75, 11.75], "texture": "#0"},
				"up": {"uv": [11.625, 0.875, 11, 0.75], "texture": "#0"},
				"down": {"uv": [11.625, 0.875, 11, 1], "texture": "#0"}
			}
		},
		{
			"from": [1, 4, 3],
			"to": [2, 5, 12],
			"faces": {
				"north": {"uv": [2.75, 11.625, 2.875, 11.75], "texture": "#0"},
				"east": {"uv": [9.375, 9.625, 10.5, 9.75], "texture": "#0"},
				"south": {"uv": [2.875, 11.625, 3, 11.75], "texture": "#0"},
				"west": {"uv": [0.625, 9.75, 1.75, 9.875], "texture": "#0"},
				"up": {"uv": [3, 10, 2.875, 8.875], "texture": "#0"},
				"down": {"uv": [3.125, 8.875, 3, 10], "texture": "#0"}
			}
		},
		{
			"from": [15, 4, 3],
			"to": [16, 5, 12],
			"faces": {
				"north": {"uv": [3, 11.625, 3.125, 11.75], "texture": "#0"},
				"east": {"uv": [9.75, 1.25, 10.875, 1.375], "texture": "#0"},
				"south": {"uv": [3.125, 11.625, 3.25, 11.75], "texture": "#0"},
				"west": {"uv": [9.75, 1.375, 10.875, 1.5], "texture": "#0"},
				"up": {"uv": [3.25, 10, 3.125, 8.875], "texture": "#0"},
				"down": {"uv": [6.875, 9.5, 6.75, 10.625], "texture": "#0"}
			}
		},
		{
			"from": [0, 4, 5],
			"to": [1, 5, 10],
			"faces": {
				"north": {"uv": [3.25, 11.625, 3.375, 11.75], "texture": "#0"},
				"east": {"uv": [11, 1, 11.625, 1.125], "texture": "#0"},
				"south": {"uv": [3.375, 11.625, 3.5, 11.75], "texture": "#0"},
				"west": {"uv": [11, 1.125, 11.625, 1.25], "texture": "#0"},
				"up": {"uv": [10.375, 11.5, 10.25, 10.875], "texture": "#0"},
				"down": {"uv": [10.5, 10.875, 10.375, 11.5], "texture": "#0"}
			}
		},
		{
			"from": [16, 4, 5],
			"to": [17, 5, 10],
			"faces": {
				"north": {"uv": [3.5, 11.625, 3.625, 11.75], "texture": "#0"},
				"east": {"uv": [2.25, 11, 2.875, 11.125], "texture": "#0"},
				"south": {"uv": [3.625, 11.625, 3.75, 11.75], "texture": "#0"},
				"west": {"uv": [2.875, 11, 3.5, 11.125], "texture": "#0"},
				"up": {"uv": [10.625, 11.5, 10.5, 10.875], "texture": "#0"},
				"down": {"uv": [0.75, 11, 0.625, 11.625], "texture": "#0"}
			}
		},
		{
			"from": [2, 5, 1],
			"to": [15, 6, 14],
			"faces": {
				"north": {"uv": [7.875, 2.875, 9.5, 3], "texture": "#0"},
				"east": {"uv": [7.875, 3, 9.5, 3.125], "texture": "#0"},
				"south": {"uv": [7.875, 3.125, 9.5, 3.25], "texture": "#0"},
				"west": {"uv": [7.875, 3.25, 9.5, 3.375], "texture": "#0"},
				"up": {"uv": [6.5, 3.25, 4.875, 1.625], "texture": "#0"},
				"down": {"uv": [6.5, 3.25, 4.875, 4.875], "texture": "#0"}
			}
		},
		{
			"from": [15, 5, 2],
			"to": [16, 6, 13],
			"faces": {
				"north": {"uv": [3.75, 11.625, 3.875, 11.75], "texture": "#0"},
				"east": {"uv": [8.375, 8.25, 9.75, 8.375], "texture": "#0"},
				"south": {"uv": [4.125, 11.625, 4.25, 11.75], "texture": "#0"},
				"west": {"uv": [8.375, 8.375, 9.75, 8.5], "texture": "#0"},
				"up": {"uv": [3.375, 9.75, 3.25, 8.375], "texture": "#0"},
				"down": {"uv": [3.5, 8.375, 3.375, 9.75], "texture": "#0"}
			}
		},
		{
			"from": [3, 5, 14],
			"to": [14, 6, 15],
			"faces": {
				"north": {"uv": [8.5, 0, 9.875, 0.125], "texture": "#0"},
				"east": {"uv": [4.25, 11.625, 4.375, 11.75], "texture": "#0"},
				"south": {"uv": [8.5, 0.125, 9.875, 0.25], "texture": "#0"},
				"west": {"uv": [4.375, 11.625, 4.5, 11.75], "texture": "#0"},
				"up": {"uv": [9.875, 0.375, 8.5, 0.25], "texture": "#0"},
				"down": {"uv": [9.875, 0.375, 8.5, 0.5], "texture": "#0"}
			}
		},
		{
			"from": [3, 5, 0],
			"to": [14, 6, 1],
			"faces": {
				"north": {"uv": [8.5, 0.5, 9.875, 0.625], "texture": "#0"},
				"east": {"uv": [11.625, 4.375, 11.75, 4.5], "texture": "#0"},
				"south": {"uv": [8.5, 0.625, 9.875, 0.75], "texture": "#0"},
				"west": {"uv": [4.5, 11.625, 4.625, 11.75], "texture": "#0"},
				"up": {"uv": [9.875, 0.875, 8.5, 0.75], "texture": "#0"},
				"down": {"uv": [9.875, 0.875, 8.5, 1], "texture": "#0"}
			}
		},
		{
			"from": [4, 5, 15],
			"to": [13, 6, 16],
			"faces": {
				"north": {"uv": [9.75, 1.5, 10.875, 1.625], "texture": "#0"},
				"east": {"uv": [11.625, 4.5, 11.75, 4.625], "texture": "#0"},
				"south": {"uv": [9.75, 1.625, 10.875, 1.75], "texture": "#0"},
				"west": {"uv": [11.625, 4.625, 11.75, 4.75], "texture": "#0"},
				"up": {"uv": [2.875, 9.875, 1.75, 9.75], "texture": "#0"},
				"down": {"uv": [10.875, 1.75, 9.75, 1.875], "texture": "#0"}
			}
		},
		{
			"from": [4, 5, -1],
			"to": [13, 6, 0],
			"faces": {
				"north": {"uv": [9.75, 1.875, 10.875, 2], "texture": "#0"},
				"east": {"uv": [11.625, 4.875, 11.75, 5], "texture": "#0"},
				"south": {"uv": [9.75, 2, 10.875, 2.125], "texture": "#0"},
				"west": {"uv": [11.625, 5, 11.75, 5.125], "texture": "#0"},
				"up": {"uv": [4.375, 9.875, 3.25, 9.75], "texture": "#0"},
				"down": {"uv": [5.5, 9.75, 4.375, 9.875], "texture": "#0"}
			}
		},
		{
			"from": [7, 5, 16],
			"to": [10, 6, 17],
			"faces": {
				"north": {"uv": [3.5, 11.375, 3.875, 11.5], "texture": "#0"},
				"east": {"uv": [11.625, 5.125, 11.75, 5.25], "texture": "#0"},
				"south": {"uv": [5.125, 11.375, 5.5, 11.5], "texture": "#0"},
				"west": {"uv": [5.25, 11.625, 5.375, 11.75], "texture": "#0"},
				"up": {"uv": [5.875, 11.5, 5.5, 11.375], "texture": "#0"},
				"down": {"uv": [6.25, 11.375, 5.875, 11.5], "texture": "#0"}
			}
		},
		{
			"from": [7, 5, -2],
			"to": [10, 6, -1],
			"faces": {
				"north": {"uv": [6.25, 11.375, 6.625, 11.5], "texture": "#0"},
				"east": {"uv": [11.625, 5.25, 11.75, 5.375], "texture": "#0"},
				"south": {"uv": [6.625, 11.375, 7, 11.5], "texture": "#0"},
				"west": {"uv": [5.375, 11.625, 5.5, 11.75], "texture": "#0"},
				"up": {"uv": [7.875, 11.5, 7.5, 11.375], "texture": "#0"},
				"down": {"uv": [8.25, 11.375, 7.875, 11.5], "texture": "#0"}
			}
		},
		{
			"from": [1, 5, 2],
			"to": [2, 6, 13],
			"faces": {
				"north": {"uv": [11.625, 5.375, 11.75, 5.5], "texture": "#0"},
				"east": {"uv": [8.5, 1, 9.875, 1.125], "texture": "#0"},
				"south": {"uv": [5.5, 11.625, 5.625, 11.75], "texture": "#0"},
				"west": {"uv": [8.5, 1.125, 9.875, 1.25], "texture": "#0"},
				"up": {"uv": [3.625, 9.75, 3.5, 8.375], "texture": "#0"},
				"down": {"uv": [3.75, 8.375, 3.625, 9.75], "texture": "#0"}
			}
		},
		{
			"from": [16, 5, 3],
			"to": [17, 6, 12],
			"faces": {
				"north": {"uv": [11.625, 5.5, 11.75, 5.625], "texture": "#0"},
				"east": {"uv": [5.5, 9.75, 6.625, 9.875], "texture": "#0"},
				"south": {"uv": [11.625, 5.625, 11.75, 5.75], "texture": "#0"},
				"west": {"uv": [8.25, 9.75, 9.375, 9.875], "texture": "#0"},
				"up": {"uv": [7, 10.625, 6.875, 9.5], "texture": "#0"},
				"down": {"uv": [7.125, 9.5, 7, 10.625], "texture": "#0"}
			}
		},
		{
			"from": [0, 5, 3],
			"to": [1, 6, 12],
			"faces": {
				"north": {"uv": [11.625, 5.75, 11.75, 5.875], "texture": "#0"},
				"east": {"uv": [9.75, 8.25, 10.875, 8.375], "texture": "#0"},
				"south": {"uv": [5.875, 11.625, 6, 11.75], "texture": "#0"},
				"west": {"uv": [9.75, 8.375, 10.875, 8.5], "texture": "#0"},
				"up": {"uv": [7.25, 10.625, 7.125, 9.5], "texture": "#0"},
				"down": {"uv": [7.375, 9.5, 7.25, 10.625], "texture": "#0"}
			}
		},
		{
			"from": [17, 5, 6],
			"to": [18, 6, 9],
			"faces": {
				"north": {"uv": [11.625, 5.875, 11.75, 6], "texture": "#0"},
				"east": {"uv": [8.5, 11.375, 8.875, 11.5], "texture": "#0"},
				"south": {"uv": [6, 11.625, 6.125, 11.75], "texture": "#0"},
				"west": {"uv": [9.625, 11.375, 10, 11.5], "texture": "#0"},
				"up": {"uv": [10.125, 11.625, 10, 11.25], "texture": "#0"},
				"down": {"uv": [10.25, 11.25, 10.125, 11.625], "texture": "#0"}
			}
		},
		{
			"from": [-1, 5, 6],
			"to": [0, 6, 9],
			"faces": {
				"north": {"uv": [11.625, 6, 11.75, 6.125], "texture": "#0"},
				"east": {"uv": [11.375, 9.625, 11.75, 9.75], "texture": "#0"},
				"south": {"uv": [6.125, 11.625, 6.25, 11.75], "texture": "#0"},
				"west": {"uv": [10.625, 11.375, 11, 11.5], "texture": "#0"},
				"up": {"uv": [11.125, 11.75, 11, 11.375], "texture": "#0"},
				"down": {"uv": [11.25, 11.375, 11.125, 11.75], "texture": "#0"}
			}
		},
		{
			"from": [2, 6, 0],
			"to": [15, 7, 15],
			"faces": {
				"north": {"uv": [7.875, 3.375, 9.5, 3.5], "texture": "#0"},
				"east": {"uv": [7.625, 6.125, 9.5, 6.25], "texture": "#0"},
				"south": {"uv": [7.875, 3.5, 9.5, 3.625], "texture": "#0"},
				"west": {"uv": [7.875, 1.25, 9.75, 1.375], "texture": "#0"},
				"up": {"uv": [1.625, 1.875, 0, 0], "texture": "#0"},
				"down": {"uv": [3.25, 0, 1.625, 1.875], "texture": "#0"}
			}
		},
		{
			"from": [15, 6, 1],
			"to": [16, 7, 14],
			"faces": {
				"north": {"uv": [11.625, 6.25, 11.75, 6.375], "texture": "#0"},
				"east": {"uv": [7.875, 3.625, 9.5, 3.75], "texture": "#0"},
				"south": {"uv": [11.625, 6.375, 11.75, 6.5], "texture": "#0"},
				"west": {"uv": [7.875, 3.75, 9.5, 3.875], "texture": "#0"},
				"up": {"uv": [4.5, 8.625, 4.375, 7], "texture": "#0"},
				"down": {"uv": [4.625, 7, 4.5, 8.625], "texture": "#0"}
			}
		},
		{
			"from": [1, 6, 1],
			"to": [2, 7, 14],
			"faces": {
				"north": {"uv": [6.5, 11.625, 6.625, 11.75], "texture": "#0"},
				"east": {"uv": [7.875, 3.875, 9.5, 4], "texture": "#0"},
				"south": {"uv": [6.625, 11.625, 6.75, 11.75], "texture": "#0"},
				"west": {"uv": [7.875, 4, 9.5, 4.125], "texture": "#0"},
				"up": {"uv": [4.75, 8.625, 4.625, 7], "texture": "#0"},
				"down": {"uv": [4.875, 7, 4.75, 8.625], "texture": "#0"}
			}
		},
		{
			"from": [0, 6, 3],
			"to": [1, 7, 12],
			"faces": {
				"north": {"uv": [6.75, 11.625, 6.875, 11.75], "texture": "#0"},
				"east": {"uv": [9.75, 8.5, 10.875, 8.625], "texture": "#0"},
				"south": {"uv": [11.625, 7.125, 11.75, 7.25], "texture": "#0"},
				"west": {"uv": [9.75, 8.625, 10.875, 8.75], "texture": "#0"},
				"up": {"uv": [6.75, 10.75, 6.625, 9.625], "texture": "#0"},
				"down": {"uv": [9.5, 9.75, 9.375, 10.875], "texture": "#0"}
			}
		},
		{
			"from": [16, 6, 3],
			"to": [17, 7, 12],
			"faces": {
				"north": {"uv": [11.625, 7.25, 11.75, 7.375], "texture": "#0"},
				"east": {"uv": [9.75, 8.75, 10.875, 8.875], "texture": "#0"},
				"south": {"uv": [11.625, 7.375, 11.75, 7.5], "texture": "#0"},
				"west": {"uv": [9.75, 8.875, 10.875, 9], "texture": "#0"},
				"up": {"uv": [9.625, 10.875, 9.5, 9.75], "texture": "#0"},
				"down": {"uv": [9.75, 9.75, 9.625, 10.875], "texture": "#0"}
			}
		},
		{
			"from": [-1, 6, 5],
			"to": [0, 7, 10],
			"faces": {
				"north": {"uv": [7.5, 11.625, 7.625, 11.75], "texture": "#0"},
				"east": {"uv": [3.5, 11, 4.125, 11.125], "texture": "#0"},
				"south": {"uv": [11.625, 7.5, 11.75, 7.625], "texture": "#0"},
				"west": {"uv": [11, 4.875, 11.625, 5], "texture": "#0"},
				"up": {"uv": [0.875, 11.625, 0.75, 11], "texture": "#0"},
				"down": {"uv": [1, 11, 0.875, 11.625], "texture": "#0"}
			}
		},
		{
			"from": [17, 6, 5],
			"to": [18, 7, 10],
			"faces": {
				"north": {"uv": [7.625, 11.625, 7.75, 11.75], "texture": "#0"},
				"east": {"uv": [11, 5, 11.625, 5.125], "texture": "#0"},
				"south": {"uv": [11.625, 7.625, 11.75, 7.75], "texture": "#0"},
				"west": {"uv": [5.125, 11, 5.75, 11.125], "texture": "#0"},
				"up": {"uv": [1.125, 11.625, 1, 11], "texture": "#0"},
				"down": {"uv": [4.25, 11, 4.125, 11.625], "texture": "#0"}
			}
		},
		{
			"from": [4, 6, -1],
			"to": [13, 7, 0],
			"faces": {
				"north": {"uv": [9.75, 9, 10.875, 9.125], "texture": "#0"},
				"east": {"uv": [7.75, 11.625, 7.875, 11.75], "texture": "#0"},
				"south": {"uv": [9.75, 9.125, 10.875, 9.25], "texture": "#0"},
				"west": {"uv": [11.625, 7.75, 11.75, 7.875], "texture": "#0"},
				"up": {"uv": [10.875, 9.375, 9.75, 9.25], "texture": "#0"},
				"down": {"uv": [10.875, 9.375, 9.75, 9.5], "texture": "#0"}
			}
		},
		{
			"from": [4, 6, 15],
			"to": [13, 7, 16],
			"faces": {
				"north": {"uv": [9.75, 9.75, 10.875, 9.875], "texture": "#0"},
				"east": {"uv": [11.625, 7.875, 11.75, 8], "texture": "#0"},
				"south": {"uv": [9.875, 0, 11, 0.125], "texture": "#0"},
				"west": {"uv": [8, 11.625, 8.125, 11.75], "texture": "#0"},
				"up": {"uv": [11, 0.25, 9.875, 0.125], "texture": "#0"},
				"down": {"uv": [11, 0.25, 9.875, 0.375], "texture": "#0"}
			}
		},
		{
			"from": [6, 6, -2],
			"to": [11, 7, -1],
			"faces": {
				"north": {"uv": [11, 5.125, 11.625, 5.25], "texture": "#0"},
				"east": {"uv": [11.625, 8, 11.75, 8.125], "texture": "#0"},
				"south": {"uv": [11, 5.25, 11.625, 5.375], "texture": "#0"},
				"west": {"uv": [8.125, 11.625, 8.25, 11.75], "texture": "#0"},
				"up": {"uv": [11.625, 5.5, 11, 5.375], "texture": "#0"},
				"down": {"uv": [11.625, 5.5, 11, 5.625], "texture": "#0"}
			}
		},
		{
			"from": [6, 6, 16],
			"to": [11, 7, 17],
			"faces": {
				"north": {"uv": [11, 5.625, 11.625, 5.75], "texture": "#0"},
				"east": {"uv": [11.625, 8.125, 11.75, 8.25], "texture": "#0"},
				"south": {"uv": [5.75, 11, 6.375, 11.125], "texture": "#0"},
				"west": {"uv": [8.25, 11.625, 8.375, 11.75], "texture": "#0"},
				"up": {"uv": [11.625, 5.875, 11, 5.75], "texture": "#0"},
				"down": {"uv": [11.625, 5.875, 11, 6], "texture": "#0"}
			}
		},
		{
			"from": [2, 7, 0],
			"to": [15, 8, 15],
			"faces": {
				"north": {"uv": [7.875, 4.125, 9.5, 4.25], "texture": "#0"},
				"east": {"uv": [7.875, 1.375, 9.75, 1.5], "texture": "#0"},
				"south": {"uv": [7.875, 4.25, 9.5, 4.375], "texture": "#0"},
				"west": {"uv": [7.875, 1.5, 9.75, 1.625], "texture": "#0"},
				"up": {"uv": [1.625, 3.75, 0, 1.875], "texture": "#0"},
				"down": {"uv": [3.25, 1.875, 1.625, 3.75], "texture": "#0"}
			}
		},
		{
			"from": [15, 7, 1],
			"to": [16, 8, 14],
			"faces": {
				"north": {"uv": [11.625, 8.25, 11.75, 8.375], "texture": "#0"},
				"east": {"uv": [7.875, 4.375, 9.5, 4.5], "texture": "#0"},
				"south": {"uv": [8.375, 11.625, 8.5, 11.75], "texture": "#0"},
				"west": {"uv": [7.875, 4.5, 9.5, 4.625], "texture": "#0"},
				"up": {"uv": [3, 8.875, 2.875, 7.25], "texture": "#0"},
				"down": {"uv": [3.125, 7.25, 3, 8.875], "texture": "#0"}
			}
		},
		{
			"from": [1, 7, 1],
			"to": [2, 8, 14],
			"faces": {
				"north": {"uv": [11.625, 8.375, 11.75, 8.5], "texture": "#0"},
				"east": {"uv": [7.875, 4.625, 9.5, 4.75], "texture": "#0"},
				"south": {"uv": [8.5, 11.625, 8.625, 11.75], "texture": "#0"},
				"west": {"uv": [7.875, 4.75, 9.5, 4.875], "texture": "#0"},
				"up": {"uv": [3.25, 8.875, 3.125, 7.25], "texture": "#0"},
				"down": {"uv": [6.375, 7.875, 6.25, 9.5], "texture": "#0"}
			}
		},
		{
			"from": [0, 7, 2],
			"to": [1, 8, 13],
			"faces": {
				"north": {"uv": [11.625, 8.5, 11.75, 8.625], "texture": "#0"},
				"east": {"uv": [1.25, 8.5, 2.625, 8.625], "texture": "#0"},
				"south": {"uv": [8.625, 11.625, 8.75, 11.75], "texture": "#0"},
				"west": {"uv": [4.875, 8.5, 6.25, 8.625], "texture": "#0"},
				"up": {"uv": [3.875, 9.75, 3.75, 8.375], "texture": "#0"},
				"down": {"uv": [4, 8.375, 3.875, 9.75], "texture": "#0"}
			}
		},
		{
			"from": [16, 7, 2],
			"to": [17, 8, 13],
			"faces": {
				"north": {"uv": [11.625, 8.625, 11.75, 8.75], "texture": "#0"},
				"east": {"uv": [8.375, 8.5, 9.75, 8.625], "texture": "#0"},
				"south": {"uv": [8.75, 11.625, 8.875, 11.75], "texture": "#0"},
				"west": {"uv": [1.25, 8.625, 2.625, 8.75], "texture": "#0"},
				"up": {"uv": [4.125, 9.75, 4, 8.375], "texture": "#0"},
				"down": {"uv": [4.25, 8.375, 4.125, 9.75], "texture": "#0"}
			}
		},
		{
			"from": [3, 7, 15],
			"to": [14, 8, 16],
			"faces": {
				"north": {"uv": [4.25, 8.625, 5.625, 8.75], "texture": "#0"},
				"east": {"uv": [11.625, 8.75, 11.75, 8.875], "texture": "#0"},
				"south": {"uv": [8.375, 8.625, 9.75, 8.75], "texture": "#0"},
				"west": {"uv": [8.875, 11.625, 9, 11.75], "texture": "#0"},
				"up": {"uv": [2.625, 8.875, 1.25, 8.75], "texture": "#0"},
				"down": {"uv": [5.625, 8.75, 4.25, 8.875], "texture": "#0"}
			}
		},
		{
			"from": [3, 7, -1],
			"to": [14, 8, 0],
			"faces": {
				"north": {"uv": [8.375, 8.75, 9.75, 8.875], "texture": "#0"},
				"east": {"uv": [9, 11.625, 9.125, 11.75], "texture": "#0"},
				"south": {"uv": [1.25, 8.875, 2.625, 9], "texture": "#0"},
				"west": {"uv": [9.125, 11.625, 9.25, 11.75], "texture": "#0"},
				"up": {"uv": [5.625, 9, 4.25, 8.875], "texture": "#0"},
				"down": {"uv": [9.75, 8.875, 8.375, 9], "texture": "#0"}
			}
		},
		{
			"from": [5, 7, 16],
			"to": [12, 8, 17],
			"faces": {
				"north": {"uv": [10.625, 4.375, 11.5, 4.5], "texture": "#0"},
				"east": {"uv": [9.25, 11.625, 9.375, 11.75], "texture": "#0"},
				"south": {"uv": [10.625, 4.5, 11.5, 4.625], "texture": "#0"},
				"west": {"uv": [9.375, 11.625, 9.5, 11.75], "texture": "#0"},
				"up": {"uv": [5.5, 10.75, 4.625, 10.625], "texture": "#0"},
				"down": {"uv": [11.5, 4.625, 10.625, 4.75], "texture": "#0"}
			}
		},
		{
			"from": [5, 7, -2],
			"to": [12, 8, -1],
			"faces": {
				"north": {"uv": [10.625, 4.75, 11.5, 4.875], "texture": "#0"},
				"east": {"uv": [9.5, 11.625, 9.625, 11.75], "texture": "#0"},
				"south": {"uv": [5.5, 10.625, 6.375, 10.75], "texture": "#0"},
				"west": {"uv": [11.625, 9.5, 11.75, 9.625], "texture": "#0"},
				"up": {"uv": [11.5, 6.25, 10.625, 6.125], "texture": "#0"},
				"down": {"uv": [7.625, 10.625, 6.75, 10.75], "texture": "#0"}
			}
		},
		{
			"from": [-1, 7, 4],
			"to": [0, 8, 11],
			"faces": {
				"north": {"uv": [9.625, 11.625, 9.75, 11.75], "texture": "#0"},
				"east": {"uv": [7.625, 10.625, 8.5, 10.75], "texture": "#0"},
				"south": {"uv": [9.75, 11.625, 9.875, 11.75], "texture": "#0"},
				"west": {"uv": [10.625, 9.5, 11.5, 9.625], "texture": "#0"},
				"up": {"uv": [2.125, 11.125, 2, 10.25], "texture": "#0"},
				"down": {"uv": [2.25, 10.25, 2.125, 11.125], "texture": "#0"}
			}
		},
		{
			"from": [17, 7, 4],
			"to": [18, 8, 11],
			"faces": {
				"north": {"uv": [11.625, 9.75, 11.75, 9.875], "texture": "#0"},
				"east": {"uv": [9.75, 10.625, 10.625, 10.75], "texture": "#0"},
				"south": {"uv": [9.875, 11.625, 10, 11.75], "texture": "#0"},
				"west": {"uv": [10.625, 10.125, 11.5, 10.25], "texture": "#0"},
				"up": {"uv": [10.75, 11.125, 10.625, 10.25], "texture": "#0"},
				"down": {"uv": [1.25, 10.75, 1.125, 11.625], "texture": "#0"}
			}
		},
		{
			"from": [2, 8, 0],
			"to": [15, 9, 15],
			"faces": {
				"north": {"uv": [8.25, 4.875, 9.875, 5], "texture": "#0"},
				"east": {"uv": [7.875, 1.625, 9.75, 1.75], "texture": "#0"},
				"south": {"uv": [8.25, 5, 9.875, 5.125], "texture": "#0"},
				"west": {"uv": [7.875, 1.75, 9.75, 1.875], "texture": "#0"},
				"up": {"uv": [4.875, 1.875, 3.25, 0], "texture": "#0"},
				"down": {"uv": [4.875, 1.875, 3.25, 3.75], "texture": "#0"}
			}
		},
		{
			"from": [15, 8, 1],
			"to": [16, 9, 14],
			"faces": {
				"north": {"uv": [11.625, 9.875, 11.75, 10], "texture": "#0"},
				"east": {"uv": [8.25, 5.125, 9.875, 5.25], "texture": "#0"},
				"south": {"uv": [10, 11.625, 10.125, 11.75], "texture": "#0"},
				"west": {"uv": [8.25, 5.25, 9.875, 5.375], "texture": "#0"},
				"up": {"uv": [6.5, 9.5, 6.375, 7.875], "texture": "#0"},
				"down": {"uv": [6.625, 7.875, 6.5, 9.5], "texture": "#0"}
			}
		},
		{
			"from": [1, 8, 1],
			"to": [2, 9, 14],
			"faces": {
				"north": {"uv": [11.625, 10, 11.75, 10.125], "texture": "#0"},
				"east": {"uv": [8.25, 5.375, 9.875, 5.5], "texture": "#0"},
				"south": {"uv": [10.125, 11.625, 10.25, 11.75], "texture": "#0"},
				"west": {"uv": [8.25, 5.5, 9.875, 5.625], "texture": "#0"},
				"up": {"uv": [6.75, 9.5, 6.625, 7.875], "texture": "#0"},
				"down": {"uv": [6.875, 7.875, 6.75, 9.5], "texture": "#0"}
			}
		},
		{
			"from": [0, 8, 2],
			"to": [1, 9, 13],
			"faces": {
				"north": {"uv": [11.625, 10.125, 11.75, 10.25], "texture": "#0"},
				"east": {"uv": [1.25, 9, 2.625, 9.125], "texture": "#0"},
				"south": {"uv": [10.25, 11.625, 10.375, 11.75], "texture": "#0"},
				"west": {"uv": [4.25, 9, 5.625, 9.125], "texture": "#0"},
				"up": {"uv": [7.5, 9.875, 7.375, 8.5], "texture": "#0"},
				"down": {"uv": [7.625, 8.5, 7.5, 9.875], "texture": "#0"}
			}
		},
		{
			"from": [16, 8, 2],
			"to": [17, 9, 13],
			"faces": {
				"north": {"uv": [11.625, 10.25, 11.75, 10.375], "texture": "#0"},
				"east": {"uv": [8.375, 9, 9.75, 9.125], "texture": "#0"},
				"south": {"uv": [10.375, 11.625, 10.5, 11.75], "texture": "#0"},
				"west": {"uv": [1.25, 9.125, 2.625, 9.25], "texture": "#0"},
				"up": {"uv": [7.75, 9.875, 7.625, 8.5], "texture": "#0"},
				"down": {"uv": [7.875, 8.5, 7.75, 9.875], "texture": "#0"}
			}
		},
		{
			"from": [3, 8, 15],
			"to": [14, 9, 16],
			"faces": {
				"north": {"uv": [4.25, 9.125, 5.625, 9.25], "texture": "#0"},
				"east": {"uv": [11.625, 10.375, 11.75, 10.5], "texture": "#0"},
				"south": {"uv": [8.375, 9.125, 9.75, 9.25], "texture": "#0"},
				"west": {"uv": [10.5, 11.625, 10.625, 11.75], "texture": "#0"},
				"up": {"uv": [2.625, 9.375, 1.25, 9.25], "texture": "#0"},
				"down": {"uv": [5.625, 9.25, 4.25, 9.375], "texture": "#0"}
			}
		},
		{
			"from": [3, 8, -1],
			"to": [14, 9, 0],
			"faces": {
				"north": {"uv": [8.375, 9.25, 9.75, 9.375], "texture": "#0"},
				"east": {"uv": [11.625, 10.5, 11.75, 10.625], "texture": "#0"},
				"south": {"uv": [1.25, 9.375, 2.625, 9.5], "texture": "#0"},
				"west": {"uv": [10.625, 11.625, 10.75, 11.75], "texture": "#0"},
				"up": {"uv": [5.625, 9.5, 4.25, 9.375], "texture": "#0"},
				"down": {"uv": [9.75, 9.375, 8.375, 9.5], "texture": "#0"}
			}
		},
		{
			"from": [5, 8, 16],
			"to": [12, 9, 17],
			"faces": {
				"north": {"uv": [2.875, 10.75, 3.75, 10.875], "texture": "#0"},
				"east": {"uv": [11.625, 10.625, 11.75, 10.75], "texture": "#0"},
				"south": {"uv": [3.75, 10.75, 4.625, 10.875], "texture": "#0"},
				"west": {"uv": [10.75, 11.625, 10.875, 11.75], "texture": "#0"},
				"up": {"uv": [5.5, 10.875, 4.625, 10.75], "texture": "#0"},
				"down": {"uv": [6.375, 10.75, 5.5, 10.875], "texture": "#0"}
			}
		},
		{
			"from": [5, 8, -2],
			"to": [12, 9, -1],
			"faces": {
				"north": {"uv": [6.625, 10.75, 7.5, 10.875], "texture": "#0"},
				"east": {"uv": [11.625, 10.75, 11.75, 10.875], "texture": "#0"},
				"south": {"uv": [7.5, 10.75, 8.375, 10.875], "texture": "#0"},
				"west": {"uv": [10.875, 11.625, 11, 11.75], "texture": "#0"},
				"up": {"uv": [11.625, 7.875, 10.75, 7.75], "texture": "#0"},
				"down": {"uv": [11.625, 7.875, 10.75, 8], "texture": "#0"}
			}
		},
		{
			"from": [-1, 8, 4],
			"to": [0, 9, 11],
			"faces": {
				"north": {"uv": [11.625, 11.125, 11.75, 11.25], "texture": "#0"},
				"east": {"uv": [10.75, 8, 11.625, 8.125], "texture": "#0"},
				"south": {"uv": [11.25, 11.625, 11.375, 11.75], "texture": "#0"},
				"west": {"uv": [10.75, 8.125, 11.625, 8.25], "texture": "#0"},
				"up": {"uv": [1.375, 11.625, 1.25, 10.75], "texture": "#0"},
				"down": {"uv": [1.5, 10.75, 1.375, 11.625], "texture": "#0"}
			}
		},
		{
			"from": [17, 8, 4],
			"to": [18, 9, 11],
			"faces": {
				"north": {"uv": [11.375, 11.625, 11.5, 11.75], "texture": "#0"},
				"east": {"uv": [9.75, 10.75, 10.625, 10.875], "texture": "#0"},
				"south": {"uv": [11.625, 11.375, 11.75, 11.5], "texture": "#0"},
				"west": {"uv": [10.75, 10.25, 11.625, 10.375], "texture": "#0"},
				"up": {"uv": [1.625, 11.625, 1.5, 10.75], "texture": "#0"},
				"down": {"uv": [1.75, 10.75, 1.625, 11.625], "texture": "#0"}
			}
		},
		{
			"from": [2, 9, 0],
			"to": [15, 10, 15],
			"faces": {
				"north": {"uv": [8.25, 5.625, 9.875, 5.75], "texture": "#0"},
				"east": {"uv": [7.875, 1.875, 9.75, 2], "texture": "#0"},
				"south": {"uv": [8.25, 5.75, 9.875, 5.875], "texture": "#0"},
				"west": {"uv": [7.875, 2, 9.75, 2.125], "texture": "#0"},
				"up": {"uv": [1.625, 5.625, 0, 3.75], "texture": "#0"},
				"down": {"uv": [3.25, 3.75, 1.625, 5.625], "texture": "#0"}
			}
		},
		{
			"from": [15, 9, 1],
			"to": [16, 10, 14],
			"faces": {
				"north": {"uv": [11.5, 11.625, 11.625, 11.75], "texture": "#0"},
				"east": {"uv": [8.25, 5.875, 9.875, 6], "texture": "#0"},
				"south": {"uv": [11.625, 11.5, 11.75, 11.625], "texture": "#0"},
				"west": {"uv": [8.25, 6, 9.875, 6.125], "texture": "#0"},
				"up": {"uv": [7, 9.5, 6.875, 7.875], "texture": "#0"},
				"down": {"uv": [7.125, 7.875, 7, 9.5], "texture": "#0"}
			}
		},
		{
			"from": [1, 9, 1],
			"to": [2, 10, 14],
			"faces": {
				"north": {"uv": [11.625, 11.625, 11.75, 11.75], "texture": "#0"},
				"east": {"uv": [8.25, 6.25, 9.875, 6.375], "texture": "#0"},
				"south": {"uv": [0, 11.75, 0.125, 11.875], "texture": "#0"},
				"west": {"uv": [8.25, 6.375, 9.875, 6.5], "texture": "#0"},
				"up": {"uv": [7.25, 9.5, 7.125, 7.875], "texture": "#0"},
				"down": {"uv": [7.375, 7.875, 7.25, 9.5], "texture": "#0"}
			}
		},
		{
			"from": [0, 9, 3],
			"to": [1, 10, 12],
			"faces": {
				"north": {"uv": [11.75, 0, 11.875, 0.125], "texture": "#0"},
				"east": {"uv": [9.875, 0.375, 11, 0.5], "texture": "#0"},
				"south": {"uv": [0.125, 11.75, 0.25, 11.875], "texture": "#0"},
				"west": {"uv": [9.875, 0.5, 11, 0.625], "texture": "#0"},
				"up": {"uv": [0.75, 11, 0.625, 9.875], "texture": "#0"},
				"down": {"uv": [0.875, 9.875, 0.75, 11], "texture": "#0"}
			}
		},
		{
			"from": [16, 9, 3],
			"to": [17, 10, 12],
			"faces": {
				"north": {"uv": [11.75, 0.125, 11.875, 0.25], "texture": "#0"},
				"east": {"uv": [9.875, 0.625, 11, 0.75], "texture": "#0"},
				"south": {"uv": [0.25, 11.75, 0.375, 11.875], "texture": "#0"},
				"west": {"uv": [9.875, 0.75, 11, 0.875], "texture": "#0"},
				"up": {"uv": [1, 11, 0.875, 9.875], "texture": "#0"},
				"down": {"uv": [1.125, 9.875, 1, 11], "texture": "#0"}
			}
		},
		{
			"from": [-1, 9, 5],
			"to": [0, 10, 10],
			"faces": {
				"north": {"uv": [11.75, 0.25, 11.875, 0.375], "texture": "#0"},
				"east": {"uv": [11, 6, 11.625, 6.125], "texture": "#0"},
				"south": {"uv": [0.375, 11.75, 0.5, 11.875], "texture": "#0"},
				"west": {"uv": [11, 6.25, 11.625, 6.375], "texture": "#0"},
				"up": {"uv": [4.375, 11.625, 4.25, 11], "texture": "#0"},
				"down": {"uv": [4.5, 11, 4.375, 11.625], "texture": "#0"}
			}
		},
		{
			"from": [17, 9, 5],
			"to": [18, 10, 10],
			"faces": {
				"north": {"uv": [11.75, 0.375, 11.875, 0.5], "texture": "#0"},
				"east": {"uv": [6.375, 11, 7, 11.125], "texture": "#0"},
				"south": {"uv": [0.5, 11.75, 0.625, 11.875], "texture": "#0"},
				"west": {"uv": [11, 6.375, 11.625, 6.5], "texture": "#0"},
				"up": {"uv": [4.625, 11.625, 4.5, 11], "texture": "#0"},
				"down": {"uv": [11.125, 6.5, 11, 7.125], "texture": "#0"}
			}
		},
		{
			"from": [4, 9, -1],
			"to": [13, 10, 0],
			"faces": {
				"north": {"uv": [9.875, 0.875, 11, 1], "texture": "#0"},
				"east": {"uv": [11.75, 0.5, 11.875, 0.625], "texture": "#0"},
				"south": {"uv": [9.875, 1, 11, 1.125], "texture": "#0"},
				"west": {"uv": [0.625, 11.75, 0.75, 11.875], "texture": "#0"},
				"up": {"uv": [2.25, 10, 1.125, 9.875], "texture": "#0"},
				"down": {"uv": [11, 1.125, 9.875, 1.25], "texture": "#0"}
			}
		},
		{
			"from": [4, 9, 15],
			"to": [13, 10, 16],
			"faces": {
				"north": {"uv": [3.25, 9.875, 4.375, 10], "texture": "#0"},
				"east": {"uv": [11.75, 0.625, 11.875, 0.75], "texture": "#0"},
				"south": {"uv": [4.375, 9.875, 5.5, 10], "texture": "#0"},
				"west": {"uv": [0.75, 11.75, 0.875, 11.875], "texture": "#0"},
				"up": {"uv": [11, 5, 9.875, 4.875], "texture": "#0"},
				"down": {"uv": [11, 5, 9.875, 5.125], "texture": "#0"}
			}
		},
		{
			"from": [6, 9, -2],
			"to": [11, 10, -1],
			"faces": {
				"north": {"uv": [7, 11, 7.625, 11.125], "texture": "#0"},
				"east": {"uv": [11.75, 0.75, 11.875, 0.875], "texture": "#0"},
				"south": {"uv": [11, 7.125, 11.625, 7.25], "texture": "#0"},
				"west": {"uv": [0.875, 11.75, 1, 11.875], "texture": "#0"},
				"up": {"uv": [11.625, 7.375, 11, 7.25], "texture": "#0"},
				"down": {"uv": [11.625, 7.375, 11, 7.5], "texture": "#0"}
			}
		},
		{
			"from": [6, 9, 16],
			"to": [11, 10, 17],
			"faces": {
				"north": {"uv": [11, 7.5, 11.625, 7.625], "texture": "#0"},
				"east": {"uv": [11.75, 0.875, 11.875, 1], "texture": "#0"},
				"south": {"uv": [7.625, 11, 8.25, 11.125], "texture": "#0"},
				"west": {"uv": [1, 11.75, 1.125, 11.875], "texture": "#0"},
				"up": {"uv": [11.625, 7.75, 11, 7.625], "texture": "#0"},
				"down": {"uv": [11.625, 8.25, 11, 8.375], "texture": "#0"}
			}
		},
		{
			"from": [2, 10, 1],
			"to": [15, 11, 14],
			"faces": {
				"north": {"uv": [8.25, 6.5, 9.875, 6.625], "texture": "#0"},
				"east": {"uv": [8.25, 6.625, 9.875, 6.75], "texture": "#0"},
				"south": {"uv": [8.25, 6.75, 9.875, 6.875], "texture": "#0"},
				"west": {"uv": [8.25, 6.875, 9.875, 7], "texture": "#0"},
				"up": {"uv": [6.5, 6.5, 4.875, 4.875], "texture": "#0"},
				"down": {"uv": [4.875, 5.375, 3.25, 7], "texture": "#0"}
			}
		},
		{
			"from": [15, 10, 2],
			"to": [16, 11, 13],
			"faces": {
				"north": {"uv": [11.75, 1, 11.875, 1.125], "texture": "#0"},
				"east": {"uv": [1.25, 9.5, 2.625, 9.625], "texture": "#0"},
				"south": {"uv": [1.125, 11.75, 1.25, 11.875], "texture": "#0"},
				"west": {"uv": [9.5, 2.125, 10.875, 2.25], "texture": "#0"},
				"up": {"uv": [8, 9.875, 7.875, 8.5], "texture": "#0"},
				"down": {"uv": [8.125, 8.5, 8, 9.875], "texture": "#0"}
			}
		},
		{
			"from": [3, 10, 14],
			"to": [14, 11, 15],
			"faces": {
				"north": {"uv": [9.5, 2.25, 10.875, 2.375], "texture": "#0"},
				"east": {"uv": [11.75, 1.125, 11.875, 1.25], "texture": "#0"},
				"south": {"uv": [9.5, 2.375, 10.875, 2.5], "texture": "#0"},
				"west": {"uv": [1.25, 11.75, 1.375, 11.875], "texture": "#0"},
				"up": {"uv": [10.875, 2.625, 9.5, 2.5], "texture": "#0"},
				"down": {"uv": [10.875, 2.625, 9.5, 2.75], "texture": "#0"}
			}
		},
		{
			"from": [3, 10, 0],
			"to": [14, 11, 1],
			"faces": {
				"north": {"uv": [9.5, 2.75, 10.875, 2.875], "texture": "#0"},
				"east": {"uv": [11.75, 1.25, 11.875, 1.375], "texture": "#0"},
				"south": {"uv": [9.5, 2.875, 10.875, 3], "texture": "#0"},
				"west": {"uv": [1.375, 11.75, 1.5, 11.875], "texture": "#0"},
				"up": {"uv": [10.875, 3.125, 9.5, 3], "texture": "#0"},
				"down": {"uv": [10.875, 3.125, 9.5, 3.25], "texture": "#0"}
			}
		},
		{
			"from": [4, 10, 15],
			"to": [13, 11, 16],
			"faces": {
				"north": {"uv": [9.875, 5.125, 11, 5.25], "texture": "#0"},
				"east": {"uv": [11.75, 1.375, 11.875, 1.5], "texture": "#0"},
				"south": {"uv": [9.875, 5.25, 11, 5.375], "texture": "#0"},
				"west": {"uv": [1.5, 11.75, 1.625, 11.875], "texture": "#0"},
				"up": {"uv": [11, 5.5, 9.875, 5.375], "texture": "#0"},
				"down": {"uv": [6.625, 9.875, 5.5, 10], "texture": "#0"}
			}
		},
		{
			"from": [4, 10, -1],
			"to": [13, 11, 0],
			"faces": {
				"north": {"uv": [9.875, 5.5, 11, 5.625], "texture": "#0"},
				"east": {"uv": [11.75, 1.5, 11.875, 1.625], "texture": "#0"},
				"south": {"uv": [9.875, 5.625, 11, 5.75], "texture": "#0"},
				"west": {"uv": [1.625, 11.75, 1.75, 11.875], "texture": "#0"},
				"up": {"uv": [11, 5.875, 9.875, 5.75], "texture": "#0"},
				"down": {"uv": [11, 5.875, 9.875, 6], "texture": "#0"}
			}
		},
		{
			"from": [7, 10, 16],
			"to": [10, 11, 17],
			"faces": {
				"north": {"uv": [11.375, 10.875, 11.75, 11], "texture": "#0"},
				"east": {"uv": [11.75, 1.625, 11.875, 1.75], "texture": "#0"},
				"south": {"uv": [11.375, 11, 11.75, 11.125], "texture": "#0"},
				"west": {"uv": [1.75, 11.75, 1.875, 11.875], "texture": "#0"},
				"up": {"uv": [11.625, 11.5, 11.25, 11.375], "texture": "#0"},
				"down": {"uv": [11.75, 11.25, 11.375, 11.375], "texture": "#0"}
			}
		},
		{
			"from": [7, 10, -2],
			"to": [10, 11, -1],
			"faces": {
				"north": {"uv": [2, 11.5, 2.375, 11.625], "texture": "#0"},
				"east": {"uv": [11.75, 1.75, 11.875, 1.875], "texture": "#0"},
				"south": {"uv": [2.375, 11.5, 2.75, 11.625], "texture": "#0"},
				"west": {"uv": [1.875, 11.75, 2, 11.875], "texture": "#0"},
				"up": {"uv": [3.125, 11.625, 2.75, 11.5], "texture": "#0"},
				"down": {"uv": [3.5, 11.5, 3.125, 11.625], "texture": "#0"}
			}
		},
		{
			"from": [1, 10, 2],
			"to": [2, 11, 13],
			"faces": {
				"north": {"uv": [11.75, 1.875, 11.875, 2], "texture": "#0"},
				"east": {"uv": [9.5, 3.25, 10.875, 3.375], "texture": "#0"},
				"south": {"uv": [2, 11.75, 2.125, 11.875], "texture": "#0"},
				"west": {"uv": [9.5, 3.375, 10.875, 3.5], "texture": "#0"},
				"up": {"uv": [8.25, 9.875, 8.125, 8.5], "texture": "#0"},
				"down": {"uv": [0.125, 8.625, 0, 10], "texture": "#0"}
			}
		},
		{
			"from": [16, 10, 3],
			"to": [17, 11, 12],
			"faces": {
				"north": {"uv": [11.75, 2, 11.875, 2.125], "texture": "#0"},
				"east": {"uv": [9.875, 6, 11, 6.125], "texture": "#0"},
				"south": {"uv": [2.125, 11.75, 2.25, 11.875], "texture": "#0"},
				"west": {"uv": [9.875, 6.25, 11, 6.375], "texture": "#0"},
				"up": {"uv": [2.375, 11, 2.25, 9.875], "texture": "#0"},
				"down": {"uv": [2.5, 9.875, 2.375, 11], "texture": "#0"}
			}
		},
		{
			"from": [0, 10, 3],
			"to": [1, 11, 12],
			"faces": {
				"north": {"uv": [11.75, 2.125, 11.875, 2.25], "texture": "#0"},
				"east": {"uv": [9.875, 6.375, 11, 6.5], "texture": "#0"},
				"south": {"uv": [2.25, 11.75, 2.375, 11.875], "texture": "#0"},
				"west": {"uv": [9.875, 6.5, 11, 6.625], "texture": "#0"},
				"up": {"uv": [2.625, 11, 2.5, 9.875], "texture": "#0"},
				"down": {"uv": [2.75, 9.875, 2.625, 11], "texture": "#0"}
			}
		},
		{
			"from": [17, 10, 6],
			"to": [18, 11, 9],
			"faces": {
				"north": {"uv": [11.75, 2.25, 11.875, 2.375], "texture": "#0"},
				"east": {"uv": [3.5, 11.5, 3.875, 11.625], "texture": "#0"},
				"south": {"uv": [2.375, 11.75, 2.5, 11.875], "texture": "#0"},
				"west": {"uv": [11.5, 4.25, 11.875, 4.375], "texture": "#0"},
				"up": {"uv": [11.625, 4.75, 11.5, 4.375], "texture": "#0"},
				"down": {"uv": [5.25, 11.5, 5.125, 11.875], "texture": "#0"}
			}
		},
		{
			"from": [-1, 10, 6],
			"to": [0, 11, 9],
			"faces": {
				"north": {"uv": [11.75, 2.375, 11.875, 2.5], "texture": "#0"},
				"east": {"uv": [11.5, 4.75, 11.875, 4.875], "texture": "#0"},
				"south": {"uv": [2.5, 11.75, 2.625, 11.875], "texture": "#0"},
				"west": {"uv": [5.25, 11.5, 5.625, 11.625], "texture": "#0"},
				"up": {"uv": [5.75, 11.875, 5.625, 11.5], "texture": "#0"},
				"down": {"uv": [5.875, 11.5, 5.75, 11.875], "texture": "#0"}
			}
		},
		{
			"from": [2, 11, 1],
			"to": [15, 12, 14],
			"faces": {
				"north": {"uv": [8.25, 7, 9.875, 7.125], "texture": "#0"},
				"east": {"uv": [8.25, 7.125, 9.875, 7.25], "texture": "#0"},
				"south": {"uv": [8.25, 7.25, 9.875, 7.375], "texture": "#0"},
				"west": {"uv": [8.25, 7.375, 9.875, 7.5], "texture": "#0"},
				"up": {"uv": [1.625, 7.25, 0, 5.625], "texture": "#0"},
				"down": {"uv": [3.25, 5.625, 1.625, 7.25], "texture": "#0"}
			}
		},
		{
			"from": [4, 11, 14],
			"to": [13, 12, 15],
			"faces": {
				"north": {"uv": [9.875, 6.625, 11, 6.75], "texture": "#0"},
				"east": {"uv": [11.75, 2.5, 11.875, 2.625], "texture": "#0"},
				"south": {"uv": [9.875, 6.75, 11, 6.875], "texture": "#0"},
				"west": {"uv": [2.625, 11.75, 2.75, 11.875], "texture": "#0"},
				"up": {"uv": [11, 7, 9.875, 6.875], "texture": "#0"},
				"down": {"uv": [11, 7, 9.875, 7.125], "texture": "#0"}
			}
		},
		{
			"from": [4, 11, 0],
			"to": [13, 12, 1],
			"faces": {
				"north": {"uv": [9.875, 7.125, 11, 7.25], "texture": "#0"},
				"east": {"uv": [11.75, 2.625, 11.875, 2.75], "texture": "#0"},
				"south": {"uv": [9.875, 7.25, 11, 7.375], "texture": "#0"},
				"west": {"uv": [2.75, 11.75, 2.875, 11.875], "texture": "#0"},
				"up": {"uv": [8.5, 10, 7.375, 9.875], "texture": "#0"},
				"down": {"uv": [11, 7.375, 9.875, 7.5], "texture": "#0"}
			}
		},
		{
			"from": [6, 11, 15],
			"to": [11, 12, 16],
			"faces": {
				"north": {"uv": [11, 8.375, 11.625, 8.5], "texture": "#0"},
				"east": {"uv": [11.75, 2.75, 11.875, 2.875], "texture": "#0"},
				"south": {"uv": [8.5, 11, 9.125, 11.125], "texture": "#0"},
				"west": {"uv": [2.875, 11.75, 3, 11.875], "texture": "#0"},
				"up": {"uv": [11.625, 8.625, 11, 8.5], "texture": "#0"},
				"down": {"uv": [11.625, 8.625, 11, 8.75], "texture": "#0"}
			}
		},
		{
			"from": [6, 11, -1],
			"to": [11, 12, 0],
			"faces": {
				"north": {"uv": [11, 8.75, 11.625, 8.875], "texture": "#0"},
				"east": {"uv": [11.75, 2.875, 11.875, 3], "texture": "#0"},
				"south": {"uv": [9.625, 11, 10.25, 11.125], "texture": "#0"},
				"west": {"uv": [3, 11.75, 3.125, 11.875], "texture": "#0"},
				"up": {"uv": [11.375, 11.125, 10.75, 11], "texture": "#0"},
				"down": {"uv": [2.625, 11.125, 2, 11.25], "texture": "#0"}
			}
		},
		{
			"from": [1, 11, 3],
			"to": [2, 12, 12],
			"faces": {
				"north": {"uv": [11.75, 3, 11.875, 3.125], "texture": "#0"},
				"east": {"uv": [9.875, 7.5, 11, 7.625], "texture": "#0"},
				"south": {"uv": [3.125, 11.75, 3.25, 11.875], "texture": "#0"},
				"west": {"uv": [9.875, 7.625, 11, 7.75], "texture": "#0"},
				"up": {"uv": [2.875, 11, 2.75, 9.875], "texture": "#0"},
				"down": {"uv": [8.625, 9.875, 8.5, 11], "texture": "#0"}
			}
		},
		{
			"from": [15, 11, 3],
			"to": [16, 12, 12],
			"faces": {
				"north": {"uv": [11.75, 3.125, 11.875, 3.25], "texture": "#0"},
				"east": {"uv": [9.75, 9.875, 10.875, 10], "texture": "#0"},
				"south": {"uv": [3.25, 11.75, 3.375, 11.875], "texture": "#0"},
				"west": {"uv": [1.125, 10, 2.25, 10.125], "texture": "#0"},
				"up": {"uv": [8.75, 11, 8.625, 9.875], "texture": "#0"},
				"down": {"uv": [8.875, 9.875, 8.75, 11], "texture": "#0"}
			}
		},
		{
			"from": [0, 11, 5],
			"to": [1, 12, 10],
			"faces": {
				"north": {"uv": [11.75, 3.25, 11.875, 3.375], "texture": "#0"},
				"east": {"uv": [2.625, 11.125, 3.25, 11.25], "texture": "#0"},
				"south": {"uv": [3.375, 11.75, 3.5, 11.875], "texture": "#0"},
				"west": {"uv": [3.25, 11.125, 3.875, 11.25], "texture": "#0"},
				"up": {"uv": [9.25, 11.625, 9.125, 11], "texture": "#0"},
				"down": {"uv": [9.375, 11, 9.25, 11.625], "texture": "#0"}
			}
		},
		{
			"from": [16, 11, 5],
			"to": [17, 12, 10],
			"faces": {
				"north": {"uv": [11.75, 3.375, 11.875, 3.5], "texture": "#0"},
				"east": {"uv": [5.125, 11.125, 5.75, 11.25], "texture": "#0"},
				"south": {"uv": [3.5, 11.75, 3.625, 11.875], "texture": "#0"},
				"west": {"uv": [5.75, 11.125, 6.375, 11.25], "texture": "#0"},
				"up": {"uv": [4, 11.75, 3.875, 11.125], "texture": "#0"},
				"down": {"uv": [4.125, 11.125, 4, 11.75], "texture": "#0"}
			}
		},
		{
			"from": [3, 12, 1],
			"to": [14, 13, 14],
			"faces": {
				"north": {"uv": [9.5, 3.5, 10.875, 3.625], "texture": "#0"},
				"east": {"uv": [8.25, 7.5, 9.875, 7.625], "texture": "#0"},
				"south": {"uv": [9.5, 3.625, 10.875, 3.75], "texture": "#0"},
				"west": {"uv": [8.25, 7.625, 9.875, 7.75], "texture": "#0"},
				"up": {"uv": [7.875, 4.875, 6.5, 3.25], "texture": "#0"},
				"down": {"uv": [6.25, 6.5, 4.875, 8.125], "texture": "#0"}
			}
		},
		{
			"from": [2, 12, 2],
			"to": [3, 13, 13],
			"faces": {
				"north": {"uv": [11.75, 3.5, 11.875, 3.625], "texture": "#0"},
				"east": {"uv": [9.5, 3.75, 10.875, 3.875], "texture": "#0"},
				"south": {"uv": [3.625, 11.75, 3.75, 11.875], "texture": "#0"},
				"west": {"uv": [9.5, 3.875, 10.875, 4], "texture": "#0"},
				"up": {"uv": [0.25, 10, 0.125, 8.625], "texture": "#0"},
				"down": {"uv": [0.375, 8.625, 0.25, 10], "texture": "#0"}
			}
		},
		{
			"from": [14, 12, 2],
			"to": [15, 13, 13],
			"faces": {
				"north": {"uv": [11.75, 3.625, 11.875, 3.75], "texture": "#0"},
				"east": {"uv": [9.5, 4, 10.875, 4.125], "texture": "#0"},
				"south": {"uv": [3.75, 11.75, 3.875, 11.875], "texture": "#0"},
				"west": {"uv": [9.5, 4.125, 10.875, 4.25], "texture": "#0"},
				"up": {"uv": [0.5, 10, 0.375, 8.625], "texture": "#0"},
				"down": {"uv": [0.625, 8.625, 0.5, 10], "texture": "#0"}
			}
		},
		{
			"from": [1, 12, 4],
			"to": [2, 13, 11],
			"faces": {
				"north": {"uv": [11.75, 3.75, 11.875, 3.875], "texture": "#0"},
				"east": {"uv": [10.75, 10.375, 11.625, 10.5], "texture": "#0"},
				"south": {"uv": [3.875, 11.75, 4, 11.875], "texture": "#0"},
				"west": {"uv": [10.75, 10.5, 11.625, 10.625], "texture": "#0"},
				"up": {"uv": [1.875, 11.625, 1.75, 10.75], "texture": "#0"},
				"down": {"uv": [2, 10.75, 1.875, 11.625], "texture": "#0"}
			}
		},
		{
			"from": [15, 12, 4],
			"to": [16, 13, 11],
			"faces": {
				"north": {"uv": [11.75, 3.875, 11.875, 4], "texture": "#0"},
				"east": {"uv": [10.75, 10.625, 11.625, 10.75], "texture": "#0"},
				"south": {"uv": [4, 11.75, 4.125, 11.875], "texture": "#0"},
				"west": {"uv": [10.75, 10.75, 11.625, 10.875], "texture": "#0"},
				"up": {"uv": [8.5, 11.625, 8.375, 10.75], "texture": "#0"},
				"down": {"uv": [0.125, 10.875, 0, 11.75], "texture": "#0"}
			}
		},
		{
			"from": [5, 12, 0],
			"to": [12, 13, 1],
			"faces": {
				"north": {"uv": [10.875, 1.25, 11.75, 1.375], "texture": "#0"},
				"east": {"uv": [11.75, 4, 11.875, 4.125], "texture": "#0"},
				"south": {"uv": [10.875, 1.375, 11.75, 1.5], "texture": "#0"},
				"west": {"uv": [4.125, 11.75, 4.25, 11.875], "texture": "#0"},
				"up": {"uv": [11.75, 1.625, 10.875, 1.5], "texture": "#0"},
				"down": {"uv": [11.75, 1.625, 10.875, 1.75], "texture": "#0"}
			}
		},
		{
			"from": [5, 12, 14],
			"to": [12, 13, 15],
			"faces": {
				"north": {"uv": [10.875, 1.75, 11.75, 1.875], "texture": "#0"},
				"east": {"uv": [11.75, 4.125, 11.875, 4.25], "texture": "#0"},
				"south": {"uv": [10.875, 1.875, 11.75, 2], "texture": "#0"},
				"west": {"uv": [4.25, 11.75, 4.375, 11.875], "texture": "#0"},
				"up": {"uv": [11.75, 2.125, 10.875, 2], "texture": "#0"},
				"down": {"uv": [11.75, 2.125, 10.875, 2.25], "texture": "#0"}
			}
		},
		{
			"from": [4, 13, 2],
			"to": [13, 14, 13],
			"faces": {
				"north": {"uv": [2.875, 10, 4, 10.125], "texture": "#0"},
				"east": {"uv": [4.25, 9.5, 5.625, 9.625], "texture": "#0"},
				"south": {"uv": [4, 10, 5.125, 10.125], "texture": "#0"},
				"west": {"uv": [9.5, 4.25, 10.875, 4.375], "texture": "#0"},
				"up": {"uv": [4.375, 8.375, 3.25, 7], "texture": "#0"},
				"down": {"uv": [1.125, 7.25, 0, 8.625], "texture": "#0"}
			}
		},
		{
			"from": [3, 13, 3],
			"to": [4, 14, 12],
			"faces": {
				"north": {"uv": [4.375, 11.75, 4.5, 11.875], "texture": "#0"},
				"east": {"uv": [5.125, 10, 6.25, 10.125], "texture": "#0"},
				"south": {"uv": [11.75, 4.375, 11.875, 4.5], "texture": "#0"},
				"west": {"uv": [7.375, 10, 8.5, 10.125], "texture": "#0"},
				"up": {"uv": [9, 11, 8.875, 9.875], "texture": "#0"},
				"down": {"uv": [9.125, 9.875, 9, 11], "texture": "#0"}
			}
		},
		{
			"from": [13, 13, 3],
			"to": [14, 14, 12],
			"faces": {
				"north": {"uv": [4.5, 11.75, 4.625, 11.875], "texture": "#0"},
				"east": {"uv": [9.75, 10, 10.875, 10.125], "texture": "#0"},
				"south": {"uv": [11.75, 4.5, 11.875, 4.625], "texture": "#0"},
				"west": {"uv": [1.125, 10.125, 2.25, 10.25], "texture": "#0"},
				"up": {"uv": [9.25, 11, 9.125, 9.875], "texture": "#0"},
				"down": {"uv": [9.375, 9.875, 9.25, 11], "texture": "#0"}
			}
		},
		{
			"from": [14, 13, 4],
			"to": [15, 14, 11],
			"faces": {
				"north": {"uv": [4.625, 11.75, 4.75, 11.875], "texture": "#0"},
				"east": {"uv": [10.875, 2.25, 11.75, 2.375], "texture": "#0"},
				"south": {"uv": [11.75, 4.625, 11.875, 4.75], "texture": "#0"},
				"west": {"uv": [10.875, 2.375, 11.75, 2.5], "texture": "#0"},
				"up": {"uv": [0.25, 11.75, 0.125, 10.875], "texture": "#0"},
				"down": {"uv": [0.375, 10.875, 0.25, 11.75], "texture": "#0"}
			}
		},
		{
			"from": [2, 13, 4],
			"to": [3, 14, 11],
			"faces": {
				"north": {"uv": [4.75, 11.75, 4.875, 11.875], "texture": "#0"},
				"east": {"uv": [10.875, 2.5, 11.75, 2.625], "texture": "#0"},
				"south": {"uv": [4.875, 11.75, 5, 11.875], "texture": "#0"},
				"west": {"uv": [10.875, 2.625, 11.75, 2.75], "texture": "#0"},
				"up": {"uv": [0.5, 11.75, 0.375, 10.875], "texture": "#0"},
				"down": {"uv": [0.625, 10.875, 0.5, 11.75], "texture": "#0"}
			}
		},
		{
			"from": [5, 13, 1],
			"to": [12, 14, 2],
			"faces": {
				"north": {"uv": [10.875, 2.75, 11.75, 2.875], "texture": "#0"},
				"east": {"uv": [11.75, 4.875, 11.875, 5], "texture": "#0"},
				"south": {"uv": [2.875, 10.875, 3.75, 11], "texture": "#0"},
				"west": {"uv": [5, 11.75, 5.125, 11.875], "texture": "#0"},
				"up": {"uv": [11.75, 3, 10.875, 2.875], "texture": "#0"},
				"down": {"uv": [11.75, 3, 10.875, 3.125], "texture": "#0"}
			}
		},
		{
			"from": [5, 13, 13],
			"to": [12, 14, 14],
			"faces": {
				"north": {"uv": [10.875, 3.125, 11.75, 3.25], "texture": "#0"},
				"east": {"uv": [11.75, 5, 11.875, 5.125], "texture": "#0"},
				"south": {"uv": [10.875, 3.25, 11.75, 3.375], "texture": "#0"},
				"west": {"uv": [11.75, 5.125, 11.875, 5.25], "texture": "#0"},
				"up": {"uv": [11.75, 3.5, 10.875, 3.375], "texture": "#0"},
				"down": {"uv": [11.75, 3.5, 10.875, 3.625], "texture": "#0"}
			}
		},
		{
			"from": [5, 14, 3],
			"to": [12, 15, 12],
			"faces": {
				"north": {"uv": [10.875, 3.625, 11.75, 3.75], "texture": "#0"},
				"east": {"uv": [2.875, 10.125, 4, 10.25], "texture": "#0"},
				"south": {"uv": [3.75, 10.875, 4.625, 11], "texture": "#0"},
				"west": {"uv": [4, 10.125, 5.125, 10.25], "texture": "#0"},
				"up": {"uv": [8.25, 7.375, 7.375, 6.25], "texture": "#0"},
				"down": {"uv": [8.25, 7.375, 7.375, 8.5], "texture": "#0"}
			}
		},
		{
			"from": [4, 14, 4],
			"to": [5, 15, 11],
			"faces": {
				"north": {"uv": [5.25, 11.75, 5.375, 11.875], "texture": "#0"},
				"east": {"uv": [10.875, 3.75, 11.75, 3.875], "texture": "#0"},
				"south": {"uv": [11.75, 5.25, 11.875, 5.375], "texture": "#0"},
				"west": {"uv": [10.875, 3.875, 11.75, 4], "texture": "#0"},
				"up": {"uv": [4.75, 11.75, 4.625, 10.875], "texture": "#0"},
				"down": {"uv": [4.875, 10.875, 4.75, 11.75], "texture": "#0"}
			}
		},
		{
			"from": [3, 14, 5],
			"to": [4, 15, 10],
			"faces": {
				"north": {"uv": [5.375, 11.75, 5.5, 11.875], "texture": "#0"},
				"east": {"uv": [6.375, 11.125, 7, 11.25], "texture": "#0"},
				"south": {"uv": [11.75, 5.375, 11.875, 5.5], "texture": "#0"},
				"west": {"uv": [11.125, 6.5, 11.75, 6.625], "texture": "#0"},
				"up": {"uv": [7.125, 11.75, 7, 11.125], "texture": "#0"},
				"down": {"uv": [7.25, 11.125, 7.125, 11.75], "texture": "#0"}
			}
		},
		{
			"from": [13, 14, 5],
			"to": [14, 15, 10],
			"faces": {
				"north": {"uv": [5.5, 11.75, 5.625, 11.875], "texture": "#0"},
				"east": {"uv": [11.125, 6.625, 11.75, 6.75], "texture": "#0"},
				"south": {"uv": [11.75, 5.5, 11.875, 5.625], "texture": "#0"},
				"west": {"uv": [11.125, 6.75, 11.75, 6.875], "texture": "#0"},
				"up": {"uv": [7.375, 11.75, 7.25, 11.125], "texture": "#0"},
				"down": {"uv": [7.5, 11.125, 7.375, 11.75], "texture": "#0"}
			}
		},
		{
			"from": [6, 14, 2],
			"to": [11, 15, 3],
			"faces": {
				"north": {"uv": [11.125, 6.875, 11.75, 7], "texture": "#0"},
				"east": {"uv": [11.75, 5.625, 11.875, 5.75], "texture": "#0"},
				"south": {"uv": [11.125, 7, 11.75, 7.125], "texture": "#0"},
				"west": {"uv": [11.75, 5.75, 11.875, 5.875], "texture": "#0"},
				"up": {"uv": [8.125, 11.25, 7.5, 11.125], "texture": "#0"},
				"down": {"uv": [9.125, 11.125, 8.5, 11.25], "texture": "#0"}
			}
		},
		{
			"from": [6, 14, 12],
			"to": [11, 15, 13],
			"faces": {
				"north": {"uv": [9.625, 11.125, 10.25, 11.25], "texture": "#0"},
				"east": {"uv": [5.875, 11.75, 6, 11.875], "texture": "#0"},
				"south": {"uv": [10.625, 11.125, 11.25, 11.25], "texture": "#0"},
				"west": {"uv": [11.75, 5.875, 11.875, 6], "texture": "#0"},
				"up": {"uv": [2.625, 11.375, 2, 11.25], "texture": "#0"},
				"down": {"uv": [3.25, 11.25, 2.625, 11.375], "texture": "#0"}
			}
		},
		{
			"from": [12, 14, 4],
			"to": [13, 15, 11],
			"faces": {
				"north": {"uv": [6, 11.75, 6.125, 11.875], "texture": "#0"},
				"east": {"uv": [10.875, 4, 11.75, 4.125], "texture": "#0"},
				"south": {"uv": [11.75, 6, 11.875, 6.125], "texture": "#0"},
				"west": {"uv": [10.875, 4.125, 11.75, 4.25], "texture": "#0"},
				"up": {"uv": [5, 11.75, 4.875, 10.875], "texture": "#0"},
				"down": {"uv": [5.125, 10.875, 5, 11.75], "texture": "#0"}
			}
		},
		{
			"from": [6, 15, 5],
			"to": [11, 16, 10],
			"faces": {
				"north": {"uv": [3.25, 11.25, 3.875, 11.375], "texture": "#0"},
				"east": {"uv": [5.125, 11.25, 5.75, 11.375], "texture": "#0"},
				"south": {"uv": [5.75, 11.25, 6.375, 11.375], "texture": "#0"},
				"west": {"uv": [6.375, 11.25, 7, 11.375], "texture": "#0"},
				"up": {"uv": [8.5, 0.625, 7.875, 0], "texture": "#0"},
				"down": {"uv": [8.5, 0.625, 7.875, 1.25], "texture": "#0"}
			}
		},
		{
			"from": [5, 15, 6],
			"to": [6, 16, 9],
			"faces": {
				"north": {"uv": [6.125, 11.75, 6.25, 11.875], "texture": "#0"},
				"east": {"uv": [5.875, 11.5, 6.25, 11.625], "texture": "#0"},
				"south": {"uv": [11.75, 6.25, 11.875, 6.375], "texture": "#0"},
				"west": {"uv": [11.5, 6.125, 11.875, 6.25], "texture": "#0"},
				"up": {"uv": [6.375, 11.875, 6.25, 11.5], "texture": "#0"},
				"down": {"uv": [6.5, 11.5, 6.375, 11.875], "texture": "#0"}
			}
		},
		{
			"from": [11, 15, 6],
			"to": [12, 16, 9],
			"faces": {
				"north": {"uv": [11.75, 6.375, 11.875, 6.5], "texture": "#0"},
				"east": {"uv": [6.5, 11.5, 6.875, 11.625], "texture": "#0"},
				"south": {"uv": [6.5, 11.75, 6.625, 11.875], "texture": "#0"},
				"west": {"uv": [7.5, 11.5, 7.875, 11.625], "texture": "#0"},
				"up": {"uv": [7, 11.875, 6.875, 11.5], "texture": "#0"},
				"down": {"uv": [8, 11.5, 7.875, 11.875], "texture": "#0"}
			}
		},
		{
			"from": [7, 15, 4],
			"to": [10, 16, 5],
			"faces": {
				"north": {"uv": [8, 11.5, 8.375, 11.625], "texture": "#0"},
				"east": {"uv": [11.75, 6.5, 11.875, 6.625], "texture": "#0"},
				"south": {"uv": [8.5, 11.5, 8.875, 11.625], "texture": "#0"},
				"west": {"uv": [6.625, 11.75, 6.75, 11.875], "texture": "#0"},
				"up": {"uv": [11.875, 9, 11.5, 8.875], "texture": "#0"},
				"down": {"uv": [11.875, 9, 11.5, 9.125], "texture": "#0"}
			}
		},
		{
			"from": [7, 15, 10],
			"to": [10, 16, 11],
			"faces": {
				"north": {"uv": [11.5, 9.125, 11.875, 9.25], "texture": "#0"},
				"east": {"uv": [11.75, 6.625, 11.875, 6.75], "texture": "#0"},
				"south": {"uv": [11.5, 9.25, 11.875, 9.375], "texture": "#0"},
				"west": {"uv": [6.75, 11.75, 6.875, 11.875], "texture": "#0"},
				"up": {"uv": [9.75, 11.625, 9.375, 11.5], "texture": "#0"},
				"down": {"uv": [11.875, 9.375, 11.5, 9.5], "texture": "#0"}
			}
		}
	],
	"display": {
		"thirdperson_righthand": {
			"translation": [-6.25, 6.75, 0]
		},
		"thirdperson_lefthand": {
			"translation": [-6.25, 6.75, 0]
		},
		"ground": {
			"translation": [0, 3.25, 0.75]
		},
		"gui": {
			"translation": [-0.25, 0, 0],
			"scale": [0.75, 0.91, 0.75]
		},
		"head": {
			"translation": [0, 0.25, 0],
			"scale": [1.3, 1.3, 1.3]
		},
		"fixed": {
			"rotation": [-90, 0, 0],
			"translation": [0, 0, -29.25],
			"scale": [3, 3.42, 3]
		}
	},
	"groups": [
		{
			"name": "group",
			"origin": [0, 0, 0],
			"color": 0,
			"children": [
				{
					"name": "bottom",
					"origin": [8, 8, 8],
					"color": 0,
					"children": [
						{
							"name": "1",
							"origin": [8, 8, 8],
							"color": 0,
							"children": [0, 1, 2, 3, 4]
						},
						{
							"name": "2",
							"origin": [8, 8, 8],
							"color": 0,
							"children": [5, 6, 7, 8, 9, 10, 11]
						},
						{
							"name": "3",
							"origin": [0, 0, 0],
							"color": 0,
							"children": [12, 13, 14, 15, 16, 17, 18]
						},
						{
							"name": "4",
							"origin": [0, 0, 0],
							"color": 0,
							"children": [19, 20, 21, 22, 23, 24, 25]
						},
						{
							"name": "5",
							"origin": [8, 8, 8],
							"color": 0,
							"children": [26, 27, 28, 29, 30, 31, 32, 33, 34]
						},
						{
							"name": "6",
							"origin": [0, 0, 0],
							"color": 0,
							"children": [35, 36, 37, 38, 39, 40, 41, 42, 43, 44, 45, 46, 47]
						},
						{
							"name": "7",
							"origin": [8, 8, 8],
							"color": 0,
							"children": [48, 49, 50, 51, 52, 53, 54, 55, 56, 57, 58]
						},
						{
							"name": "8",
							"origin": [0, 0, 0],
							"color": 0,
							"children": [59, 60, 61, 62, 63, 64, 65, 66, 67, 68, 69]
						}
					]
				},
				{
					"name": "top",
					"origin": [8, 8, 8],
					"color": 0,
					"children": [
						{
							"name": "9",
							"origin": [0, 0, 0],
							"color": 0,
							"children": [70, 71, 72, 73, 74, 75, 76, 77, 78, 79, 80]
						},
						{
							"name": "10",
							"origin": [8, 8, 8],
							"color": 0,
							"children": [81, 82, 83, 84, 85, 86, 87, 88, 89, 90, 91]
						},
						{
							"name": "11",
							"origin": [0, 0, 0],
							"color": 0,
							"children": [92, 93, 94, 95, 96, 97, 98, 99, 100, 101, 102, 103, 104]
						},
						{
							"name": "12",
							"origin": [8, 8, 8],
							"color": 0,
							"children": [105, 106, 107, 108, 109, 110, 111, 112, 113]
						},
						{
							"name": "13",
							"origin": [0, 0, 0],
							"color": 0,
							"children": [114, 115, 116, 117, 118, 119, 120]
						},
						{
							"name": "14",
							"origin": [0, 0, 0],
							"color": 0,
							"children": [121, 122, 123, 124, 125, 126, 127]
						},
						{
							"name": "15",
							"origin": [8, 8, 8],
							"color": 0,
							"children": [128, 129, 130, 131, 132, 133, 134]
						},
						{
							"name": "16",
							"origin": [8, 8, 8],
							"color": 0,
							"children": [135, 136, 137, 138, 139]
						}
					]
				}
			]
		}
	]
}