{
	"credit": "Made with Blockbench",
	"texture_size": [256, 256],
	"textures": {
		"0": "item/hat",
		"particle": "item/hat"
	},
	"elements": [
		{
			"from": [-13, 0, -13],
			"to": [29, 1, 29],
			"faces": {
				"north": {"uv": [6.125, 4.75, 8.75, 4.8125], "texture": "#0"},
				"east": {"uv": [6.125, 4.8125, 8.75, 4.875], "texture": "#0"},
				"south": {"uv": [6.125, 4.875, 8.75, 4.9375], "texture": "#0"},
				"west": {"uv": [6.125, 4.9375, 8.75, 5], "texture": "#0"},
				"up": {"uv": [2.625, 2.625, 0, 0], "texture": "#0"},
				"down": {"uv": [2.625, 2.625, 0, 5.25], "texture": "#0"}
			}
		},
		{
			"from": [-8, 1, -6],
			"to": [24, 9, 22],
			"faces": {
				"north": {"uv": [4.625, 2.75, 6.625, 3.25], "texture": "#0"},
				"east": {"uv": [5.625, 5, 7.375, 5.5], "texture": "#0"},
				"south": {"uv": [0, 5.25, 2, 5.75], "texture": "#0"},
				"west": {"uv": [5.625, 5.5, 7.375, 6], "texture": "#0"},
				"up": {"uv": [4.625, 1.75, 2.625, 0], "texture": "#0"},
				"down": {"uv": [4.625, 1.75, 2.625, 3.5], "texture": "#0"}
			}
		},
		{
			"from": [-6, 9, -4],
			"to": [22, 17, 20],
			"faces": {
				"north": {"uv": [0, 5.75, 1.75, 6.25], "texture": "#0"},
				"east": {"uv": [6.125, 4.25, 7.625, 4.75], "texture": "#0"},
				"south": {"uv": [5.625, 6, 7.375, 6.5], "texture": "#0"},
				"west": {"uv": [0, 6.25, 1.5, 6.75], "texture": "#0"},
				"up": {"uv": [4.375, 5, 2.625, 3.5], "texture": "#0"},
				"down": {"uv": [6.125, 3.5, 4.375, 5], "texture": "#0"}
			}
		},
		{
			"from": [-5, 17, -3],
			"to": [21, 25, 19],
			"faces": {
				"north": {"uv": [6.125, 3.25, 7.75, 3.75], "texture": "#0"},
				"east": {"uv": [6.25, 0, 7.625, 0.5], "texture": "#0"},
				"south": {"uv": [6.125, 3.75, 7.75, 4.25], "texture": "#0"},
				"west": {"uv": [6.25, 0.5, 7.625, 1], "texture": "#0"},
				"up": {"uv": [6.25, 1.375, 4.625, 0], "texture": "#0"},
				"down": {"uv": [6.25, 1.375, 4.625, 2.75], "texture": "#0"}
			}
		},
		{
			"from": [-4, 25, -2],
			"to": [20, 32, 18],
			"faces": {
				"north": {"uv": [6.25, 1, 7.75, 1.4375], "texture": "#0"},
				"east": {"uv": [1.5, 6.25, 2.75, 6.6875], "texture": "#0"},
				"south": {"uv": [6.25, 1.4375, 7.75, 1.875], "texture": "#0"},
				"west": {"uv": [6.25, 1.875, 7.5, 2.3125], "texture": "#0"},
				"up": {"uv": [4.125, 6.25, 2.625, 5], "texture": "#0"},
				"down": {"uv": [5.625, 5, 4.125, 6.25], "texture": "#0"}
			}
		},
		{
			"from": [-12, 1, -14],
			"to": [28, 2, -13],
			"faces": {
				"north": {"uv": [6.25, 2.3125, 8.75, 2.375], "texture": "#0"},
				"east": {"uv": [4.625, 3.25, 4.6875, 3.3125], "texture": "#0"},
				"south": {"uv": [6.25, 2.375, 8.75, 2.4375], "texture": "#0"},
				"west": {"uv": [4.625, 3.3125, 4.6875, 3.375], "texture": "#0"},
				"up": {"uv": [8.75, 2.5, 6.25, 2.4375], "texture": "#0"},
				"down": {"uv": [8.75, 2.5, 6.25, 2.5625], "texture": "#0"}
			}
		},
		{
			"from": [-12, 1, 29],
			"to": [28, 2, 30],
			"faces": {
				"north": {"uv": [6.25, 2.5625, 8.75, 2.625], "texture": "#0"},
				"east": {"uv": [4.625, 3.375, 4.6875, 3.4375], "texture": "#0"},
				"south": {"uv": [6.25, 2.625, 8.75, 2.6875], "texture": "#0"},
				"west": {"uv": [4.625, 3.4375, 4.6875, 3.5], "texture": "#0"},
				"up": {"uv": [8.75, 2.75, 6.25, 2.6875], "texture": "#0"},
				"down": {"uv": [5.25, 6.25, 2.75, 6.3125], "texture": "#0"}
			}
		},
		{
			"from": [-11, 2, -15],
			"to": [27, 3, -14],
			"faces": {
				"north": {"uv": [5.5, 6.5, 7.875, 6.5625], "texture": "#0"},
				"east": {"uv": [4.6875, 3.25, 4.75, 3.3125], "texture": "#0"},
				"south": {"uv": [2.75, 6.5625, 5.125, 6.625], "texture": "#0"},
				"west": {"uv": [4.6875, 3.3125, 4.75, 3.375], "texture": "#0"},
				"up": {"uv": [7.875, 6.625, 5.5, 6.5625], "texture": "#0"},
				"down": {"uv": [5.125, 6.625, 2.75, 6.6875], "texture": "#0"}
			}
		},
		{
			"from": [-11, 2, 30],
			"to": [27, 3, 31],
			"faces": {
				"north": {"uv": [6.625, 2.75, 9, 2.8125], "texture": "#0"},
				"east": {"uv": [4.6875, 3.375, 4.75, 3.4375], "texture": "#0"},
				"south": {"uv": [6.625, 2.8125, 9, 2.875], "texture": "#0"},
				"west": {"uv": [4.6875, 3.4375, 4.75, 3.5], "texture": "#0"},
				"up": {"uv": [9, 2.9375, 6.625, 2.875], "texture": "#0"},
				"down": {"uv": [9, 2.9375, 6.625, 3], "texture": "#0"}
			}
		},
		{
			"from": [-10, 3, -16],
			"to": [26, 4, -15],
			"faces": {
				"north": {"uv": [5.625, 6.625, 7.875, 6.6875], "texture": "#0"},
				"east": {"uv": [4.75, 3.25, 4.8125, 3.3125], "texture": "#0"},
				"south": {"uv": [1.5, 6.6875, 3.75, 6.75], "texture": "#0"},
				"west": {"uv": [4.75, 3.3125, 4.8125, 3.375], "texture": "#0"},
				"up": {"uv": [7.875, 6.75, 5.625, 6.6875], "texture": "#0"},
				"down": {"uv": [2.25, 6.75, 0, 6.8125], "texture": "#0"}
			}
		},
		{
			"from": [-10, 3, 31],
			"to": [26, 4, 32],
			"faces": {
				"north": {"uv": [2.25, 6.75, 4.5, 6.8125], "texture": "#0"},
				"east": {"uv": [4.75, 3.375, 4.8125, 3.4375], "texture": "#0"},
				"south": {"uv": [5.625, 6.75, 7.875, 6.8125], "texture": "#0"},
				"west": {"uv": [4.75, 3.4375, 4.8125, 3.5], "texture": "#0"},
				"up": {"uv": [2.25, 6.875, 0, 6.8125], "texture": "#0"},
				"down": {"uv": [4.5, 6.8125, 2.25, 6.875], "texture": "#0"}
			}
		},
		{
			"from": [29, 1, -12],
			"to": [30, 2, 28],
			"faces": {
				"north": {"uv": [4.8125, 3.25, 4.875, 3.3125], "texture": "#0"},
				"east": {"uv": [2.75, 6.3125, 5.25, 6.375], "texture": "#0"},
				"south": {"uv": [4.8125, 3.3125, 4.875, 3.375], "texture": "#0"},
				"west": {"uv": [2.75, 6.375, 5.25, 6.4375], "texture": "#0"},
				"up": {"uv": [5.3125, 8.75, 5.25, 6.25], "texture": "#0"},
				"down": {"uv": [5.375, 6.25, 5.3125, 8.75], "texture": "#0"}
			}
		},
		{
			"from": [30, 2, -11],
			"to": [31, 3, 27],
			"faces": {
				"north": {"uv": [4.8125, 3.375, 4.875, 3.4375], "texture": "#0"},
				"east": {"uv": [6.625, 3, 9, 3.0625], "texture": "#0"},
				"south": {"uv": [4.8125, 3.4375, 4.875, 3.5], "texture": "#0"},
				"west": {"uv": [6.625, 3.0625, 9, 3.125], "texture": "#0"},
				"up": {"uv": [5.1875, 8.9375, 5.125, 6.5625], "texture": "#0"},
				"down": {"uv": [5.25, 6.5625, 5.1875, 8.9375], "texture": "#0"}
			}
		},
		{
			"from": [31, 3, -10],
			"to": [32, 4, 26],
			"faces": {
				"north": {"uv": [4.875, 3.25, 4.9375, 3.3125], "texture": "#0"},
				"east": {"uv": [5.625, 6.8125, 7.875, 6.875], "texture": "#0"},
				"south": {"uv": [4.875, 3.3125, 4.9375, 3.375], "texture": "#0"},
				"west": {"uv": [0, 6.875, 2.25, 6.9375], "texture": "#0"},
				"up": {"uv": [4.5625, 8.9375, 4.5, 6.6875], "texture": "#0"},
				"down": {"uv": [4.625, 6.6875, 4.5625, 8.9375], "texture": "#0"}
			}
		},
		{
			"from": [-14, 1, -12],
			"to": [-13, 2, 28],
			"faces": {
				"north": {"uv": [4.875, 3.375, 4.9375, 3.4375], "texture": "#0"},
				"east": {"uv": [2.75, 6.4375, 5.25, 6.5], "texture": "#0"},
				"south": {"uv": [4.875, 3.4375, 4.9375, 3.5], "texture": "#0"},
				"west": {"uv": [2.75, 6.5, 5.25, 6.5625], "texture": "#0"},
				"up": {"uv": [5.4375, 8.75, 5.375, 6.25], "texture": "#0"},
				"down": {"uv": [5.5, 6.25, 5.4375, 8.75], "texture": "#0"}
			}
		},
		{
			"from": [-15, 2, -11],
			"to": [-14, 3, 27],
			"faces": {
				"north": {"uv": [4.9375, 3.25, 5, 3.3125], "texture": "#0"},
				"east": {"uv": [6.625, 3.125, 9, 3.1875], "texture": "#0"},
				"south": {"uv": [4.9375, 3.3125, 5, 3.375], "texture": "#0"},
				"west": {"uv": [6.625, 3.1875, 9, 3.25], "texture": "#0"},
				"up": {"uv": [5.5625, 9, 5.5, 6.625], "texture": "#0"},
				"down": {"uv": [5.625, 6.625, 5.5625, 9], "texture": "#0"}
			}
		},
		{
			"from": [-16, 3, -10],
			"to": [-15, 4, 26],
			"faces": {
				"north": {"uv": [4.9375, 3.375, 5, 3.4375], "texture": "#0"},
				"east": {"uv": [2.25, 6.875, 4.5, 6.9375], "texture": "#0"},
				"south": {"uv": [4.9375, 3.4375, 5, 3.5], "texture": "#0"},
				"west": {"uv": [5.625, 6.875, 7.875, 6.9375], "texture": "#0"},
				"up": {"uv": [4.6875, 8.9375, 4.625, 6.6875], "texture": "#0"},
				"down": {"uv": [4.75, 6.6875, 4.6875, 8.9375], "texture": "#0"}
			}
		},
		{
			"from": [-13, 1, 28],
			"to": [-12, 2, 29],
			"faces": {
				"north": {"uv": [5, 3.25, 5.0625, 3.3125], "texture": "#0"},
				"east": {"uv": [5, 3.3125, 5.0625, 3.375], "texture": "#0"},
				"south": {"uv": [5, 3.375, 5.0625, 3.4375], "texture": "#0"},
				"west": {"uv": [5, 3.4375, 5.0625, 3.5], "texture": "#0"},
				"up": {"uv": [5.125, 3.3125, 5.0625, 3.25], "texture": "#0"},
				"down": {"uv": [5.125, 3.3125, 5.0625, 3.375], "texture": "#0"}
			}
		},
		{
			"from": [-13, 1, -13],
			"to": [-12, 2, -12],
			"faces": {
				"north": {"uv": [5.0625, 3.375, 5.125, 3.4375], "texture": "#0"},
				"east": {"uv": [5.0625, 3.4375, 5.125, 3.5], "texture": "#0"},
				"south": {"uv": [5.125, 3.25, 5.1875, 3.3125], "texture": "#0"},
				"west": {"uv": [5.125, 3.3125, 5.1875, 3.375], "texture": "#0"},
				"up": {"uv": [5.1875, 3.4375, 5.125, 3.375], "texture": "#0"},
				"down": {"uv": [5.1875, 3.4375, 5.125, 3.5], "texture": "#0"}
			}
		},
		{
			"from": [28, 1, -13],
			"to": [29, 2, -12],
			"faces": {
				"north": {"uv": [5.1875, 3.25, 5.25, 3.3125], "texture": "#0"},
				"east": {"uv": [5.1875, 3.3125, 5.25, 3.375], "texture": "#0"},
				"south": {"uv": [5.1875, 3.375, 5.25, 3.4375], "texture": "#0"},
				"west": {"uv": [5.1875, 3.4375, 5.25, 3.5], "texture": "#0"},
				"up": {"uv": [2.0625, 5.3125, 2, 5.25], "texture": "#0"},
				"down": {"uv": [2.125, 5.25, 2.0625, 5.3125], "texture": "#0"}
			}
		},
		{
			"from": [28, 1, 28],
			"to": [29, 2, 29],
			"faces": {
				"north": {"uv": [2.125, 5.25, 2.1875, 5.3125], "texture": "#0"},
				"east": {"uv": [2.1875, 5.25, 2.25, 5.3125], "texture": "#0"},
				"south": {"uv": [2.25, 5.25, 2.3125, 5.3125], "texture": "#0"},
				"west": {"uv": [2.3125, 5.25, 2.375, 5.3125], "texture": "#0"},
				"up": {"uv": [2.4375, 5.3125, 2.375, 5.25], "texture": "#0"},
				"down": {"uv": [2.5, 5.25, 2.4375, 5.3125], "texture": "#0"}
			}
		}
	],
	"display": {
		"thirdperson_righthand": {
			"translation": [0, 1.75, 1.5],
			"scale": [0.23, 0.23, 0.23]
		},
		"thirdperson_lefthand": {
			"translation": [0, 1.25, 0],
			"scale": [0.23, 0.23, 0.23]
		},
		"firstperson_righthand": {
			"translation": [0, 3, 0.5],
			"scale": [0.15, 0.15, 0.15]
		},
		"firstperson_lefthand": {
			"translation": [0, 3, 0.5],
			"scale": [0.15, 0.15, 0.15]
		},
		"gui": {
			"translation": [0, -4, 0],
			"scale": [0.5, 0.5, 0.5]
		},
		"head": {
			"translation": [0, 11, 0],
			"scale": [0.69, 0.69, 0.69]
		},
		"fixed": {
			"rotation": [-90, 0, 0],
			"translation": [0, 0, -7.25]
		}
	},
	"groups": [
		{
			"name": "group",
			"origin": [0, 0, 0],
			"color": 0,
			"children": [0, 1, 2, 3, 4, 5, 6, 7, 8, 9, 10, 11, 12, 13, 14, 15, 16, 17, 18, 19, 20]
		}
	]
}