{
	"credit": "Made with Blockbench",
	"texture_size": [128, 128],
	"textures": {
		"0": "item/nuketext",
		"particle": "item/nuketext"
	},
	"elements": [
		{
			"from": [-2, 11, 31],
			"to": [2, 15, 32],
			"rotation": {"angle": 0, "axis": "y", "origin": [-8, 0, 0]},
			"faces": {
				"north": {"uv": [9.25, 7.125, 9.75, 7.625], "texture": "#0"},
				"east": {"uv": [5.625, 9.75, 5.75, 10.25], "texture": "#0"},
				"south": {"uv": [2.5, 9.5, 3, 10], "texture": "#0"},
				"west": {"uv": [9.75, 8.25, 9.875, 8.75], "texture": "#0"},
				"up": {"uv": [3, 8, 2.5, 7.875], "texture": "#0"},
				"down": {"uv": [10.25, 7.375, 9.75, 7.5], "texture": "#0"}
			}
		},
		{
			"from": [-3, 10, 30],
			"to": [3, 16, 31],
			"rotation": {"angle": 0, "axis": "y", "origin": [-8, 0, 0]},
			"faces": {
				"north": {"uv": [9, 8.25, 9.75, 9], "texture": "#0"},
				"east": {"uv": [5.375, 9.75, 5.5, 10.5], "texture": "#0"},
				"south": {"uv": [0, 9.125, 0.75, 9.875], "texture": "#0"},
				"west": {"uv": [5.5, 9.75, 5.625, 10.5], "texture": "#0"},
				"up": {"uv": [10.5, 7.25, 9.75, 7.125], "texture": "#0"},
				"down": {"uv": [10.5, 7.25, 9.75, 7.375], "texture": "#0"}
			}
		},
		{
			"from": [-4, 9, 29],
			"to": [4, 17, 30],
			"rotation": {"angle": 0, "axis": "y", "origin": [-8, 0, 0]},
			"faces": {
				"north": {"uv": [6.375, 4.75, 7.375, 5.75], "texture": "#0"},
				"east": {"uv": [4.75, 6.25, 4.875, 7.25], "texture": "#0"},
				"south": {"uv": [3.75, 8, 4.75, 9], "texture": "#0"},
				"west": {"uv": [7.625, 4.75, 7.75, 5.75], "texture": "#0"},
				"up": {"uv": [10.625, 4.5, 9.625, 4.375], "texture": "#0"},
				"down": {"uv": [10.375, 9.625, 9.375, 9.75], "texture": "#0"}
			}
		},
		{
			"from": [-5, 8, 28],
			"to": [5, 18, 29],
			"rotation": {"angle": 0, "axis": "y", "origin": [-8, 0, 0]},
			"faces": {
				"north": {"uv": [7.75, 7.75, 9, 9], "texture": "#0"},
				"east": {"uv": [3, 5, 3.125, 6.25], "texture": "#0"},
				"south": {"uv": [0, 7.875, 1.25, 9.125], "texture": "#0"},
				"west": {"uv": [9.25, 9.5, 9.375, 10.75], "texture": "#0"},
				"up": {"uv": [10.75, 9.375, 9.5, 9.25], "texture": "#0"},
				"down": {"uv": [10.625, 9.5, 9.375, 9.625], "texture": "#0"}
			}
		},
		{
			"from": [-6, 7, 27],
			"to": [6, 19, 28],
			"rotation": {"angle": 0, "axis": "y", "origin": [-8, 0, 0]},
			"faces": {
				"north": {"uv": [4.75, 7.25, 6.25, 8.75], "texture": "#0"},
				"east": {"uv": [3, 3.5, 3.125, 5], "texture": "#0"},
				"south": {"uv": [6.25, 7.25, 7.75, 8.75], "texture": "#0"},
				"west": {"uv": [2.875, 6.375, 3, 7.875], "texture": "#0"},
				"up": {"uv": [11, 7.125, 9.5, 7], "texture": "#0"},
				"down": {"uv": [9.25, 9.5, 7.75, 9.625], "texture": "#0"}
			}
		},
		{
			"from": [-7, 6, 2],
			"to": [7, 20, 27],
			"rotation": {"angle": 0, "axis": "y", "origin": [-8, 0, 0]},
			"faces": {
				"north": {"uv": [3, 6.25, 4.75, 8], "texture": "#0"},
				"east": {"uv": [0, 0, 3.125, 1.75], "texture": "#0"},
				"south": {"uv": [6.375, 3, 8.125, 4.75], "texture": "#0"},
				"west": {"uv": [0, 1.75, 3.125, 3.5], "texture": "#0"},
				"up": {"uv": [4.875, 3.125, 3.125, 0], "texture": "#0"},
				"down": {"uv": [4.875, 3.125, 3.125, 6.25], "texture": "#0"}
			}
		},
		{
			"from": [-6, 7, -2],
			"to": [6, 19, 2],
			"rotation": {"angle": 0, "axis": "y", "origin": [-8, 0, 0]},
			"faces": {
				"north": {"uv": [7.75, 4.75, 9.25, 6.25], "texture": "#0"},
				"east": {"uv": [5.75, 8.75, 6.25, 10.25], "texture": "#0"},
				"south": {"uv": [7.75, 6.25, 9.25, 7.75], "texture": "#0"},
				"west": {"uv": [6.25, 8.75, 6.75, 10.25], "texture": "#0"},
				"up": {"uv": [9.625, 4.5, 8.125, 4], "texture": "#0"},
				"down": {"uv": [8.25, 9, 6.75, 9.5], "texture": "#0"}
			}
		},
		{
			"from": [-5, 8, -6],
			"to": [5, 18, -2],
			"rotation": {"angle": 0, "axis": "y", "origin": [-8, 0, 0]},
			"faces": {
				"north": {"uv": [1.25, 7.875, 2.5, 9.125], "texture": "#0"},
				"east": {"uv": [3.75, 9, 4.25, 10.25], "texture": "#0"},
				"south": {"uv": [2.5, 8, 3.75, 9.25], "texture": "#0"},
				"west": {"uv": [4.25, 9, 4.75, 10.25], "texture": "#0"},
				"up": {"uv": [10.25, 8.25, 9, 7.75], "texture": "#0"},
				"down": {"uv": [9.5, 9, 8.25, 9.5], "texture": "#0"}
			}
		},
		{
			"from": [-4, 9, -10],
			"to": [4, 17, -6],
			"rotation": {"angle": 0, "axis": "y", "origin": [-8, 0, 0]},
			"faces": {
				"north": {"uv": [8.125, 3, 9.125, 4], "texture": "#0"},
				"east": {"uv": [0.75, 9.125, 1.25, 10.125], "texture": "#0"},
				"south": {"uv": [4.75, 8.75, 5.75, 9.75], "texture": "#0"},
				"west": {"uv": [1.25, 9.125, 1.75, 10.125], "texture": "#0"},
				"up": {"uv": [10.125, 3.5, 9.125, 3], "texture": "#0"},
				"down": {"uv": [10.125, 3.5, 9.125, 4], "texture": "#0"}
			}
		},
		{
			"from": [-6, 20, 3],
			"to": [6, 21, 26],
			"rotation": {"angle": 0, "axis": "y", "origin": [-8, 0, 0]},
			"faces": {
				"north": {"uv": [9.25, 7.625, 10.75, 7.75], "texture": "#0"},
				"east": {"uv": [8.125, 4.5, 11, 4.625], "texture": "#0"},
				"south": {"uv": [9.5, 2.875, 11, 3], "texture": "#0"},
				"west": {"uv": [8.125, 4.625, 11, 4.75], "texture": "#0"},
				"up": {"uv": [1.5, 6.375, 0, 3.5], "texture": "#0"},
				"down": {"uv": [3, 3.5, 1.5, 6.375], "texture": "#0"}
			}
		},
		{
			"from": [-6, 5, 3],
			"to": [6, 6, 26],
			"rotation": {"angle": 0, "axis": "y", "origin": [-8, 0, 0]},
			"faces": {
				"north": {"uv": [9.5, 9, 11, 9.125], "texture": "#0"},
				"east": {"uv": [9.25, 0, 12.125, 0.125], "texture": "#0"},
				"south": {"uv": [9.5, 9.125, 11, 9.25], "texture": "#0"},
				"west": {"uv": [9.25, 0.125, 12.125, 0.25], "texture": "#0"},
				"up": {"uv": [6.375, 2.875, 4.875, 0], "texture": "#0"},
				"down": {"uv": [6.375, 2.875, 4.875, 5.75], "texture": "#0"}
			}
		},
		{
			"from": [-8, 7, 3],
			"to": [-7, 19, 26],
			"rotation": {"angle": 0, "axis": "y", "origin": [-8, 0, 0]},
			"faces": {
				"north": {"uv": [3.625, 9.25, 3.75, 10.75], "texture": "#0"},
				"east": {"uv": [4.875, 5.75, 7.75, 7.25], "texture": "#0"},
				"south": {"uv": [3.25, 9.5, 3.375, 11], "texture": "#0"},
				"west": {"uv": [0, 6.375, 2.875, 7.875], "texture": "#0"},
				"up": {"uv": [1.875, 12, 1.75, 9.125], "texture": "#0"},
				"down": {"uv": [2, 9.125, 1.875, 12], "texture": "#0"}
			}
		},
		{
			"from": [7, 7, 3],
			"to": [8, 19, 26],
			"rotation": {"angle": 0, "axis": "y", "origin": [-8, 0, 0]},
			"faces": {
				"north": {"uv": [3.375, 9.5, 3.5, 11], "texture": "#0"},
				"east": {"uv": [6.375, 0, 9.25, 1.5], "texture": "#0"},
				"south": {"uv": [3.5, 9.5, 3.625, 11], "texture": "#0"},
				"west": {"uv": [6.375, 1.5, 9.25, 3], "texture": "#0"},
				"up": {"uv": [2.125, 12, 2, 9.125], "texture": "#0"},
				"down": {"uv": [2.25, 9.125, 2.125, 12], "texture": "#0"}
			}
		},
		{
			"from": [8, 16, -9],
			"to": [9, 18, 1],
			"rotation": {"angle": -45, "axis": "z", "origin": [7.5, 22, -3.5]},
			"faces": {
				"north": {"uv": [9.75, 8.75, 9.875, 9], "texture": "#0"},
				"east": {"uv": [9.25, 0.25, 10.5, 0.5], "texture": "#0"},
				"south": {"uv": [9.375, 9.75, 9.5, 10], "texture": "#0"},
				"west": {"uv": [9.25, 0.5, 10.5, 0.75], "texture": "#0"},
				"up": {"uv": [7.875, 10.875, 7.75, 9.625], "texture": "#0"},
				"down": {"uv": [8, 9.625, 7.875, 10.875], "texture": "#0"}
			}
		},
		{
			"from": [8, 18, -9],
			"to": [9, 20, 0],
			"rotation": {"angle": -45, "axis": "z", "origin": [7.5, 22, -3.5]},
			"faces": {
				"north": {"uv": [9.5, 9.75, 9.625, 10], "texture": "#0"},
				"east": {"uv": [2.5, 9.25, 3.625, 9.5], "texture": "#0"},
				"south": {"uv": [9.625, 9.75, 9.75, 10], "texture": "#0"},
				"west": {"uv": [9.25, 4.75, 10.375, 5], "texture": "#0"},
				"up": {"uv": [8.625, 10.75, 8.5, 9.625], "texture": "#0"},
				"down": {"uv": [8.75, 9.625, 8.625, 10.75], "texture": "#0"}
			}
		},
		{
			"from": [8, 20, -9],
			"to": [9, 22, -1],
			"rotation": {"angle": -45, "axis": "z", "origin": [7.5, 22, -3.5]},
			"faces": {
				"north": {"uv": [9.75, 9.75, 9.875, 10], "texture": "#0"},
				"east": {"uv": [6.75, 8.75, 7.75, 9], "texture": "#0"},
				"south": {"uv": [0, 9.875, 0.125, 10.125], "texture": "#0"},
				"west": {"uv": [9.5, 6, 10.5, 6.25], "texture": "#0"},
				"up": {"uv": [9.875, 2.75, 9.75, 1.75], "texture": "#0"},
				"down": {"uv": [4.875, 9.75, 4.75, 10.75], "texture": "#0"}
			}
		},
		{
			"from": [-6.08148, 16.31802, -9],
			"to": [-5.08148, 18.31802, 1],
			"rotation": {"angle": 45, "axis": "z", "origin": [-5.58148, 18.81802, -4.5]},
			"faces": {
				"north": {"uv": [0.125, 9.875, 0.25, 10.125], "texture": "#0"},
				"east": {"uv": [9.25, 0.75, 10.5, 1], "texture": "#0"},
				"south": {"uv": [0.25, 9.875, 0.375, 10.125], "texture": "#0"},
				"west": {"uv": [9.25, 1, 10.5, 1.25], "texture": "#0"},
				"up": {"uv": [8.125, 10.875, 8, 9.625], "texture": "#0"},
				"down": {"uv": [8.25, 9.625, 8.125, 10.875], "texture": "#0"}
			}
		},
		{
			"from": [-6.08148, 18.31802, -9],
			"to": [-5.08148, 20.31802, 0],
			"rotation": {"angle": 45, "axis": "z", "origin": [-5.58148, 18.81802, -4.5]},
			"faces": {
				"north": {"uv": [0.375, 9.875, 0.5, 10.125], "texture": "#0"},
				"east": {"uv": [9.25, 5, 10.375, 5.25], "texture": "#0"},
				"south": {"uv": [0.5, 9.875, 0.625, 10.125], "texture": "#0"},
				"west": {"uv": [9.25, 5.25, 10.375, 5.5], "texture": "#0"},
				"up": {"uv": [8.875, 10.75, 8.75, 9.625], "texture": "#0"},
				"down": {"uv": [9, 9.625, 8.875, 10.75], "texture": "#0"}
			}
		},
		{
			"from": [-6.08148, 20.31802, -9],
			"to": [-5.08148, 22.31802, -1],
			"rotation": {"angle": 45, "axis": "z", "origin": [-5.58148, 18.81802, -4.5]},
			"faces": {
				"north": {"uv": [0.625, 9.875, 0.75, 10.125], "texture": "#0"},
				"east": {"uv": [9.5, 6.25, 10.5, 6.5], "texture": "#0"},
				"south": {"uv": [9.875, 1.75, 10, 2], "texture": "#0"},
				"west": {"uv": [9.5, 6.5, 10.5, 6.75], "texture": "#0"},
				"up": {"uv": [5, 10.75, 4.875, 9.75], "texture": "#0"},
				"down": {"uv": [5.125, 9.75, 5, 10.75], "texture": "#0"}
			}
		},
		{
			"from": [3.97538, 7.22157, -9],
			"to": [4.97538, 9.22157, 1],
			"rotation": {"angle": -45, "axis": "z", "origin": [0.07538, 19.17157, -4.5]},
			"faces": {
				"north": {"uv": [9.875, 2, 10, 2.25], "texture": "#0"},
				"east": {"uv": [9.25, 1.25, 10.5, 1.5], "texture": "#0"},
				"south": {"uv": [9.875, 2.25, 10, 2.5], "texture": "#0"},
				"west": {"uv": [9.25, 1.5, 10.5, 1.75], "texture": "#0"},
				"up": {"uv": [8.375, 10.875, 8.25, 9.625], "texture": "#0"},
				"down": {"uv": [8.5, 9.625, 8.375, 10.875], "texture": "#0"}
			}
		},
		{
			"from": [3.97538, 5.22157, -9],
			"to": [4.97538, 7.22157, 0],
			"rotation": {"angle": -45, "axis": "z", "origin": [0.07538, 19.17157, -4.5]},
			"faces": {
				"north": {"uv": [9.875, 2.5, 10, 2.75], "texture": "#0"},
				"east": {"uv": [9.25, 5.5, 10.375, 5.75], "texture": "#0"},
				"south": {"uv": [6.75, 9.875, 6.875, 10.125], "texture": "#0"},
				"west": {"uv": [9.25, 5.75, 10.375, 6], "texture": "#0"},
				"up": {"uv": [9.125, 10.75, 9, 9.625], "texture": "#0"},
				"down": {"uv": [9.25, 9.625, 9.125, 10.75], "texture": "#0"}
			}
		},
		{
			"from": [3.97538, 3.22157, -9],
			"to": [4.97538, 5.22157, -1],
			"rotation": {"angle": -45, "axis": "z", "origin": [0.07538, 19.17157, -4.5]},
			"faces": {
				"north": {"uv": [6.875, 9.875, 7, 10.125], "texture": "#0"},
				"east": {"uv": [6.75, 9.5, 7.75, 9.75], "texture": "#0"},
				"south": {"uv": [7, 9.875, 7.125, 10.125], "texture": "#0"},
				"west": {"uv": [9.5, 6.75, 10.5, 7], "texture": "#0"},
				"up": {"uv": [5.25, 10.75, 5.125, 9.75], "texture": "#0"},
				"down": {"uv": [5.375, 9.75, 5.25, 10.75], "texture": "#0"}
			}
		},
		{
			"from": [9.97538, 14.22157, -9],
			"to": [11.97538, 15.22157, 1],
			"rotation": {"angle": -45, "axis": "z", "origin": [0.07538, 19.17157, -4.5]},
			"faces": {
				"north": {"uv": [9.75, 7.5, 10, 7.625], "texture": "#0"},
				"east": {"uv": [9.5, 9.375, 10.75, 9.5], "texture": "#0"},
				"south": {"uv": [7.125, 9.875, 7.375, 10], "texture": "#0"},
				"west": {"uv": [9.625, 4, 10.875, 4.125], "texture": "#0"},
				"up": {"uv": [2.5, 10.375, 2.25, 9.125], "texture": "#0"},
				"down": {"uv": [9.5, 1.75, 9.25, 3], "texture": "#0"}
			}
		},
		{
			"from": [11.97538, 14.22157, -9],
			"to": [13.97538, 15.22157, 0],
			"rotation": {"angle": -45, "axis": "z", "origin": [0.07538, 19.17157, -4.5]},
			"faces": {
				"north": {"uv": [7.375, 9.875, 7.625, 10], "texture": "#0"},
				"east": {"uv": [9.625, 4.125, 10.75, 4.25], "texture": "#0"},
				"south": {"uv": [9.875, 8.25, 10.125, 8.375], "texture": "#0"},
				"west": {"uv": [9.625, 4.25, 10.75, 4.375], "texture": "#0"},
				"up": {"uv": [9.5, 7.125, 9.25, 6], "texture": "#0"},
				"down": {"uv": [9.75, 1.75, 9.5, 2.875], "texture": "#0"}
			}
		},
		{
			"from": [13.97538, 14.22157, -9],
			"to": [15.97538, 15.22157, -1],
			"rotation": {"angle": -45, "axis": "z", "origin": [0.07538, 19.17157, -4.5]},
			"faces": {
				"north": {"uv": [9.875, 8.375, 10.125, 8.5], "texture": "#0"},
				"east": {"uv": [9.75, 2.75, 10.75, 2.875], "texture": "#0"},
				"south": {"uv": [9.875, 8.5, 10.125, 8.625], "texture": "#0"},
				"west": {"uv": [6.75, 9.75, 7.75, 9.875], "texture": "#0"},
				"up": {"uv": [7.625, 5.75, 7.375, 4.75], "texture": "#0"},
				"down": {"uv": [3.25, 9.5, 3, 10.5], "texture": "#0"}
			}
		}
	],
	"display": {
		"thirdperson_righthand": {
			"rotation": [0, -180, 0],
			"translation": [-1.5, 0, 8.5],
			"scale": [0.5, 0.5, 0.5]
		},
		"thirdperson_lefthand": {
			"rotation": [0, -180, 0],
			"translation": [7, 0, 9],
			"scale": [0.5, 0.5, 0.5]
		},
		"firstperson_righthand": {
			"rotation": [0, -180, 0],
			"translation": [-5.5, -2, 5],
			"scale": [0.5, 0.5, 0.5]
		},
		"firstperson_lefthand": {
			"rotation": [0, -180, 0],
			"translation": [5.5, -2, 5],
			"scale": [0.5, 0.5, 0.5]
		},
		"ground": {
			"rotation": [90, 0, 0],
			"translation": [8, 14.5, -4.5]
		},
		"gui": {
			"rotation": [52, 134, 0],
			"translation": [-3.25, 0.75, 0],
			"scale": [0.5, 0.45, 0.45]
		},
		"head": {
			"rotation": [-90, 0, 0],
			"translation": [16, -9, 9],
			"scale": [2, 2, 2]
		},
		"fixed": {
			"rotation": [0, -180, 0],
			"translation": [-8, -5, -18]
		}
	},
	"groups": [
		{
			"name": "group",
			"origin": [0, 0, 0],
			"color": 0,
			"children": [0, 1, 2, 3, 4, 5, 6, 7, 8, 9, 10, 11, 12,
				{
					"name": "top",
					"origin": [0, 0, 0],
					"color": 0,
					"children": [
						{
							"name": "fin",
							"origin": [0, 0, 0],
							"color": 0,
							"children": [13, 14, 15]
						},
						{
							"name": "fin",
							"origin": [0, 0, 0],
							"color": 0,
							"children": [16, 17, 18]
						}
					]
				},
				{
					"name": "bottom",
					"origin": [0, 0, 0],
					"color": 0,
					"children": [
						{
							"name": "fin",
							"origin": [0, 0, 0],
							"color": 0,
							"children": [19, 20, 21]
						},
						{
							"name": "fin",
							"origin": [0, 0, 0],
							"color": 0,
							"children": [22, 23, 24]
						}
					]
				}
			]
		}
	]
}