{
	"credit": "Made with Blockbench",
	"texture_size": [32, 32],
	"textures": {
		"0": "item/slingshoot",
		"particle": "item/slingshoot"
	},
	"elements": [
		{
			"from": [7, -7, 8],
			"to": [9, 8, 10],
			"faces": {
				"north": {"uv": [0, 5.5, 1, 13], "texture": "#0"},
				"east": {"uv": [1, 5.5, 2, 13], "texture": "#0"},
				"south": {"uv": [2, 5.5, 3, 13], "texture": "#0"},
				"west": {"uv": [3, 5.5, 4, 13], "texture": "#0"},
				"up": {"uv": [11, 10.5, 10, 9.5], "texture": "#0"},
				"down": {"uv": [9, 10.5, 8, 11.5], "texture": "#0"}
			}
		},
		{
			"from": [7, 8, 7],
			"to": [9, 9, 11],
			"faces": {
				"north": {"uv": [12, 3, 13, 3.5], "texture": "#0"},
				"east": {"uv": [9, 10.5, 11, 11], "texture": "#0"},
				"south": {"uv": [12, 3.5, 13, 4], "texture": "#0"},
				"west": {"uv": [11, 0, 13, 0.5], "texture": "#0"},
				"up": {"uv": [8, 2, 7, 0], "texture": "#0"},
				"down": {"uv": [8, 2, 7, 4], "texture": "#0"}
			}
		},
		{
			"from": [7, 9, 5],
			"to": [9, 10, 8],
			"faces": {
				"north": {"uv": [4, 12, 5, 12.5], "texture": "#0"},
				"east": {"uv": [5, 11, 6.5, 11.5], "texture": "#0"},
				"south": {"uv": [12, 4, 13, 4.5], "texture": "#0"},
				"west": {"uv": [11, 5.5, 12.5, 6], "texture": "#0"},
				"up": {"uv": [8, 5.5, 7, 4], "texture": "#0"},
				"down": {"uv": [8, 5.5, 7, 7], "texture": "#0"}
			}
		},
		{
			"from": [7, 9, 10],
			"to": [9, 10, 13],
			"faces": {
				"north": {"uv": [12, 4.5, 13, 5], "texture": "#0"},
				"east": {"uv": [11, 6, 12.5, 6.5], "texture": "#0"},
				"south": {"uv": [5, 12, 6, 12.5], "texture": "#0"},
				"west": {"uv": [11, 6.5, 12.5, 7], "texture": "#0"},
				"up": {"uv": [8, 8.5, 7, 7], "texture": "#0"},
				"down": {"uv": [9, 0, 8, 1.5], "texture": "#0"}
			}
		},
		{
			"from": [7, 10, 11],
			"to": [9, 11, 14],
			"faces": {
				"north": {"uv": [12, 5, 13, 5.5], "texture": "#0"},
				"east": {"uv": [11, 7, 12.5, 7.5], "texture": "#0"},
				"south": {"uv": [6, 12, 7, 12.5], "texture": "#0"},
				"west": {"uv": [11, 7.5, 12.5, 8], "texture": "#0"},
				"up": {"uv": [9, 3, 8, 1.5], "texture": "#0"},
				"down": {"uv": [9, 3, 8, 4.5], "texture": "#0"}
			}
		},
		{
			"from": [7, 10, 4],
			"to": [9, 11, 7],
			"faces": {
				"north": {"uv": [7, 12, 8, 12.5], "texture": "#0"},
				"east": {"uv": [11, 8, 12.5, 8.5], "texture": "#0"},
				"south": {"uv": [8, 12, 9, 12.5], "texture": "#0"},
				"west": {"uv": [11, 8.5, 12.5, 9], "texture": "#0"},
				"up": {"uv": [9, 6, 8, 4.5], "texture": "#0"},
				"down": {"uv": [9, 6, 8, 7.5], "texture": "#0"}
			}
		},
		{
			"from": [7, 11, 3],
			"to": [9, 12, 6],
			"faces": {
				"north": {"uv": [9, 12, 10, 12.5], "texture": "#0"},
				"east": {"uv": [9, 11, 10.5, 11.5], "texture": "#0"},
				"south": {"uv": [10, 12, 11, 12.5], "texture": "#0"},
				"west": {"uv": [11, 9, 12.5, 9.5], "texture": "#0"},
				"up": {"uv": [9, 9, 8, 7.5], "texture": "#0"},
				"down": {"uv": [8, 8.5, 7, 10], "texture": "#0"}
			}
		},
		{
			"from": [7, 11, 12],
			"to": [9, 12, 15],
			"faces": {
				"north": {"uv": [11, 12, 12, 12.5], "texture": "#0"},
				"east": {"uv": [11, 9.5, 12.5, 10], "texture": "#0"},
				"south": {"uv": [12, 11, 13, 11.5], "texture": "#0"},
				"west": {"uv": [11, 10, 12.5, 10.5], "texture": "#0"},
				"up": {"uv": [10, 1.5, 9, 0], "texture": "#0"},
				"down": {"uv": [10, 1.5, 9, 3], "texture": "#0"}
			}
		},
		{
			"from": [7, 12, 13],
			"to": [9, 13, 16],
			"faces": {
				"north": {"uv": [12, 12, 13, 12.5], "texture": "#0"},
				"east": {"uv": [10.5, 11, 12, 11.5], "texture": "#0"},
				"south": {"uv": [4, 12.5, 5, 13], "texture": "#0"},
				"west": {"uv": [11, 10.5, 12.5, 11], "texture": "#0"},
				"up": {"uv": [10, 4.5, 9, 3], "texture": "#0"},
				"down": {"uv": [10, 4.5, 9, 6], "texture": "#0"}
			}
		},
		{
			"from": [7, 12, 2],
			"to": [9, 13, 5],
			"faces": {
				"north": {"uv": [5, 12.5, 6, 13], "texture": "#0"},
				"east": {"uv": [5, 11.5, 6.5, 12], "texture": "#0"},
				"south": {"uv": [12.5, 5.5, 13.5, 6], "texture": "#0"},
				"west": {"uv": [6.5, 11.5, 8, 12], "texture": "#0"},
				"up": {"uv": [10, 7.5, 9, 6], "texture": "#0"},
				"down": {"uv": [10, 7.5, 9, 9], "texture": "#0"}
			}
		},
		{
			"from": [7, 13, 1],
			"to": [9, 14, 4],
			"faces": {
				"north": {"uv": [6, 12.5, 7, 13], "texture": "#0"},
				"east": {"uv": [8, 11.5, 9.5, 12], "texture": "#0"},
				"south": {"uv": [12.5, 6, 13.5, 6.5], "texture": "#0"},
				"west": {"uv": [9.5, 11.5, 11, 12], "texture": "#0"},
				"up": {"uv": [9, 10.5, 8, 9], "texture": "#0"},
				"down": {"uv": [10, 9, 9, 10.5], "texture": "#0"}
			}
		},
		{
			"from": [7, 13, 14],
			"to": [9, 14, 17],
			"faces": {
				"north": {"uv": [12.5, 6.5, 13.5, 7], "texture": "#0"},
				"east": {"uv": [11, 11.5, 12.5, 12], "texture": "#0"},
				"south": {"uv": [7, 12.5, 8, 13], "texture": "#0"},
				"west": {"uv": [12, 0.5, 13.5, 1], "texture": "#0"},
				"up": {"uv": [11, 1.5, 10, 0], "texture": "#0"},
				"down": {"uv": [11, 1.5, 10, 3], "texture": "#0"}
			}
		},
		{
			"from": [7, 14, 15],
			"to": [9, 25, 18],
			"faces": {
				"north": {"uv": [4, 5.5, 5, 11], "texture": "#0"},
				"east": {"uv": [0, 0, 1.5, 5.5], "texture": "#0"},
				"south": {"uv": [5, 5.5, 6, 11], "texture": "#0"},
				"west": {"uv": [1.5, 0, 3, 5.5], "texture": "#0"},
				"up": {"uv": [11, 4.5, 10, 3], "texture": "#0"},
				"down": {"uv": [11, 4.5, 10, 6], "texture": "#0"}
			}
		},
		{
			"from": [7, 24, 13],
			"to": [9, 25, 15],
			"faces": {
				"north": {"uv": [12.5, 7, 13.5, 7.5], "texture": "#0"},
				"east": {"uv": [12.5, 7.5, 13.5, 8], "texture": "#0"},
				"south": {"uv": [8, 12.5, 9, 13], "texture": "#0"},
				"west": {"uv": [12.5, 8, 13.5, 8.5], "texture": "#0"},
				"up": {"uv": [12, 1.5, 11, 0.5], "texture": "#0"},
				"down": {"uv": [12, 1.5, 11, 2.5], "texture": "#0"}
			}
		},
		{
			"from": [7, 24, 3],
			"to": [9, 25, 5],
			"faces": {
				"north": {"uv": [12.5, 8.5, 13.5, 9], "texture": "#0"},
				"east": {"uv": [9, 12.5, 10, 13], "texture": "#0"},
				"south": {"uv": [12.5, 9, 13.5, 9.5], "texture": "#0"},
				"west": {"uv": [12.5, 9.5, 13.5, 10], "texture": "#0"},
				"up": {"uv": [12, 3.5, 11, 2.5], "texture": "#0"},
				"down": {"uv": [12, 3.5, 11, 4.5], "texture": "#0"}
			}
		},
		{
			"from": [6, 23, 12],
			"to": [8, 24, 13],
			"faces": {
				"north": {"uv": [10, 12.5, 11, 13], "texture": "#0"},
				"east": {"uv": [6.5, 11, 7, 11.5], "texture": "#0"},
				"south": {"uv": [12.5, 10, 13.5, 10.5], "texture": "#0"},
				"west": {"uv": [0, 13.5, 0.5, 14], "texture": "#0"},
				"up": {"uv": [13.5, 11, 12.5, 10.5], "texture": "#0"},
				"down": {"uv": [12, 12.5, 11, 13], "texture": "#0"}
			}
		},
		{
			"from": [6, 23, 5],
			"to": [8, 24, 6],
			"faces": {
				"north": {"uv": [12.5, 11.5, 13.5, 12], "texture": "#0"},
				"east": {"uv": [0.5, 13.5, 1, 14], "texture": "#0"},
				"south": {"uv": [12, 12.5, 13, 13], "texture": "#0"},
				"west": {"uv": [13.5, 0.5, 14, 1], "texture": "#0"},
				"up": {"uv": [1, 13.5, 0, 13], "texture": "#0"},
				"down": {"uv": [14, 0, 13, 0.5], "texture": "#0"}
			}
		},
		{
			"from": [5, 22, 11],
			"to": [7, 23, 12],
			"faces": {
				"north": {"uv": [1, 13, 2, 13.5], "texture": "#0"},
				"east": {"uv": [1, 13.5, 1.5, 14], "texture": "#0"},
				"south": {"uv": [13, 1, 14, 1.5], "texture": "#0"},
				"west": {"uv": [1.5, 13.5, 2, 14], "texture": "#0"},
				"up": {"uv": [14, 2, 13, 1.5], "texture": "#0"},
				"down": {"uv": [3, 13, 2, 13.5], "texture": "#0"}
			}
		},
		{
			"from": [5, 22, 6],
			"to": [7, 23, 7],
			"faces": {
				"north": {"uv": [13, 2, 14, 2.5], "texture": "#0"},
				"east": {"uv": [2, 13.5, 2.5, 14], "texture": "#0"},
				"south": {"uv": [13, 2.5, 14, 3], "texture": "#0"},
				"west": {"uv": [2.5, 13.5, 3, 14], "texture": "#0"},
				"up": {"uv": [4, 13.5, 3, 13], "texture": "#0"},
				"down": {"uv": [14, 3, 13, 3.5], "texture": "#0"}
			}
		},
		{
			"from": [4, 21, 10],
			"to": [6, 22, 11],
			"faces": {
				"north": {"uv": [13, 3.5, 14, 4], "texture": "#0"},
				"east": {"uv": [3, 13.5, 3.5, 14], "texture": "#0"},
				"south": {"uv": [4, 13, 5, 13.5], "texture": "#0"},
				"west": {"uv": [3.5, 13.5, 4, 14], "texture": "#0"},
				"up": {"uv": [14, 4.5, 13, 4], "texture": "#0"},
				"down": {"uv": [14, 4.5, 13, 5], "texture": "#0"}
			}
		},
		{
			"from": [4, 21, 7],
			"to": [6, 22, 8],
			"faces": {
				"north": {"uv": [5, 13, 6, 13.5], "texture": "#0"},
				"east": {"uv": [4, 13.5, 4.5, 14], "texture": "#0"},
				"south": {"uv": [13, 5, 14, 5.5], "texture": "#0"},
				"west": {"uv": [4.5, 13.5, 5, 14], "texture": "#0"},
				"up": {"uv": [7, 13.5, 6, 13], "texture": "#0"},
				"down": {"uv": [8, 13, 7, 13.5], "texture": "#0"}
			}
		},
		{
			"from": [3, 22, 8],
			"to": [5, 23, 10],
			"faces": {
				"north": {"uv": [8, 13, 9, 13.5], "texture": "#0"},
				"east": {"uv": [9, 13, 10, 13.5], "texture": "#0"},
				"south": {"uv": [10, 13, 11, 13.5], "texture": "#0"},
				"west": {"uv": [11, 13, 12, 13.5], "texture": "#0"},
				"up": {"uv": [5, 12, 4, 11], "texture": "#0"},
				"down": {"uv": [12, 4.5, 11, 5.5], "texture": "#0"}
			}
		},
		{
			"from": [3, 20, 8],
			"to": [5, 21, 10],
			"faces": {
				"north": {"uv": [12, 1, 13, 1.5], "texture": "#0"},
				"east": {"uv": [12, 1.5, 13, 2], "texture": "#0"},
				"south": {"uv": [12, 2, 13, 2.5], "texture": "#0"},
				"west": {"uv": [12, 2.5, 13, 3], "texture": "#0"},
				"up": {"uv": [11, 8.5, 10, 7.5], "texture": "#0"},
				"down": {"uv": [11, 8.5, 10, 9.5], "texture": "#0"}
			}
		},
		{
			"from": [3, 21, 8],
			"to": [4, 22, 10],
			"faces": {
				"north": {"uv": [5, 13.5, 5.5, 14], "texture": "#0"},
				"east": {"uv": [13, 11, 14, 11.5], "texture": "#0"},
				"south": {"uv": [5.5, 13.5, 6, 14], "texture": "#0"},
				"west": {"uv": [12, 13, 13, 13.5], "texture": "#0"},
				"up": {"uv": [13.5, 13, 13, 12], "texture": "#0"},
				"down": {"uv": [13.5, 13, 13, 14], "texture": "#0"}
			}
		},
		{
			"from": [7, 14, 0],
			"to": [9, 25, 3],
			"faces": {
				"north": {"uv": [6, 0, 7, 5.5], "texture": "#0"},
				"east": {"uv": [3, 0, 4.5, 5.5], "texture": "#0"},
				"south": {"uv": [6, 5.5, 7, 11], "texture": "#0"},
				"west": {"uv": [4.5, 0, 6, 5.5], "texture": "#0"},
				"up": {"uv": [11, 7.5, 10, 6], "texture": "#0"},
				"down": {"uv": [8, 10, 7, 11.5], "texture": "#0"}
			}
		}
	],
	"display": {
		"thirdperson_righthand": {
			"rotation": [0, 90, 0],
			"translation": [0, 2.25, 1.25],
			"scale": [0.5, 0.5, 0.5]
		},
		"thirdperson_lefthand": {
			"rotation": [0, -90, 0],
			"translation": [0, 2.25, 1.25],
			"scale": [0.5, 0.5, 0.5]
		},
		"firstperson_righthand": {
			"rotation": [0, 90, 0],
			"translation": [-2.25, 0, 1.75],
			"scale": [0.5, 0.5, 0.5]
		},
		"firstperson_lefthand": {
			"rotation": [0, -90, 0],
			"translation": [-2.25, 0, 1.75],
			"scale": [0.5, 0.5, 0.5]
		},
		"ground": {
			"rotation": [0, 0, -90],
			"translation": [0, -3, 0],
			"scale": [0.5, 0.5, 0.5]
		},
		"gui": {
			"rotation": [0, -90, 0],
			"translation": [0.5, -0.5, 0],
			"scale": [0.5, 0.5, 0.5]
		},
		"head": {
			"rotation": [0, 90, 0],
			"translation": [-1.25, 6, 0.5]
		},
		"fixed": {
			"rotation": [-90, 90, 0],
			"translation": [-0.25, 0, -15.25]
		}
	},
	"groups": [
		{
			"name": "group",
			"origin": [0, 0, 0],
			"color": 0,
			"children": [0, 1, 2, 3, 4, 5, 6, 7, 8, 9, 10, 11, 12, 13, 14, 15, 16, 17, 18, 19, 20, 21, 22, 23, 24]
		}
	]
}